timestamp,region,service_type,demand_units,capacity_allocated,cost_usd,availability_pct,customer_growth_rate
2023-01-01,East US,Compute,428.0,570,1397.99,99.47,0.999
2023-01-01,West Europe,Compute,294.0,630,988.87,99.13,0.997
2023-01-01,Central India,Compute,229.0,608,1754.86,99.77,1.005
2023-01-01,Southeast Asia,Storage,356.0,460,756.36,99.38,1.032
2023-01-02,Central India,Compute,332.0,479,614.02,99.18,1.038
2023-01-02,Southeast Asia,Storage,107.0,377,993.8,99.66,0.984
2023-01-02,West Europe,Compute,127.0,360,303.89,99.82,0.99
2023-01-02,East US,Storage,328.0,346,1241.85,98.81,1.085
2023-01-03,Southeast Asia,Storage,423.0,462,492.67,99.07,0.982
2023-01-03,Central India,Compute,125.0,454,1771.78,99.52,1.011
2023-01-03,West Europe,Storage,337.0,505,1434.95,99.03,1.003
2023-01-03,East US,Compute,102.0,459,802.68,99.66,0.999
2023-01-04,Southeast Asia,Compute,166.0,400,371.75,98.75,1.07
2023-01-04,West Europe,Storage,311.0,576,1537.7,99.34,1.026
2023-01-04,East US,Storage,139.0,347,682.01,99.78,0.985
2023-01-04,Central India,Storage,279.0,378,1634.09,99.28,1.086
2023-01-05,West Europe,Storage,356.0,406,944.9,99.57,1.013
2023-01-05,East US,Storage,128.0,426,814.75,99.64,1.058
2023-01-05,Southeast Asia,Storage,251.0,634,1439.03,98.83,1.087
2023-01-05,Central India,Compute,201.0,329,969.63,99.73,1.079
2023-01-06,West Europe,Storage,295.0,614,1051.63,99.61,1.044
2023-01-06,Southeast Asia,Storage,399.0,446,894.83,98.87,1.084
2023-01-06,Central India,Storage,418.0,492,763.25,99.32,0.994
2023-01-06,East US,Compute,122.0,377,1355.55,99.95,1.033
2023-01-07,Central India,Compute,127.0,317,484.85,99.6,1.03
2023-01-07,Southeast Asia,Storage,397.0,636,1526.78,99.36,1.068
2023-01-07,West Europe,Storage,280.0,631,1024.77,99.78,1.023
2023-01-07,East US,Compute,317.0,339,857.2,98.95,1.039
2023-01-08,East US,Compute,354.0,401,438.75,99.71,1.061
2023-01-08,West Europe,Compute,165.0,351,1038.08,99.73,1.008
2023-01-08,Southeast Asia,Compute,216.0,319,1277.85,99.77,1.097
2023-01-08,Central India,Storage,279.0,597,1085.35,99.06,1.016
2023-01-09,Southeast Asia,Storage,157.0,315,539.82,99.59,1.0
2023-01-09,Central India,Storage,260.0,626,1055.56,99.83,1.094
2023-01-09,West Europe,Storage,153.0,491,1663.8,99.76,1.087
2023-01-09,East US,Compute,95.0,360,1024.28,98.97,0.994
2023-01-10,East US,Compute,299.0,457,1643.33,99.95,1.033
2023-01-10,West Europe,Storage,273.0,534,559.54,99.04,0.994
2023-01-10,Central India,Compute,245.0,610,373.94,99.2,1.022
2023-01-10,Southeast Asia,Compute,430.0,439,1722.78,99.62,0.981
2023-01-11,Southeast Asia,Compute,257.0,376,1741.24,99.86,1.064
2023-01-11,Central India,Storage,333.0,515,418.61,99.28,0.992
2023-01-11,West Europe,Storage,95.0,631,745.34,98.7,1.096
2023-01-11,East US,Storage,148.0,403,1430.21,98.87,1.046
2023-01-12,West Europe,Storage,122.0,322,430.12,99.48,0.987
2023-01-12,Southeast Asia,Storage,255.0,552,1277.8,99.71,1.072
2023-01-12,East US,Compute,200.0,525,475.12,98.87,1.044
2023-01-12,Central India,Compute,101.0,387,1185.26,99.25,1.004
2023-02-01,Central India,Compute,386.0,434,555.79,98.78,1.094
2023-02-01,East US,Compute,138.0,469,370.0,99.96,1.008
2023-02-01,Southeast Asia,Storage,93.0,541,878.12,98.72,1.008
2023-02-01,West Europe,Storage,254.0,350,873.69,99.97,1.036
2023-02-02,Central India,Compute,107.0,501,1145.95,99.78,0.991
2023-02-02,Southeast Asia,Storage,379.0,324,1635.79,99.47,1.061
2023-02-02,West Europe,Compute,353.0,593,1098.93,99.01,1.012
2023-02-02,East US,Storage,86.0,302,1642.81,99.36,1.044
2023-02-03,Southeast Asia,Storage,254.0,584,968.94,99.54,1.051
2023-02-03,Central India,Compute,264.5,321,1231.37,98.76,1.085
2023-02-03,West Europe,Storage,275.0,541,1720.95,98.91,1.073
2023-02-03,East US,Compute,303.0,618,888.23,98.93,1.07
2023-02-04,East US,Compute,188.0,451,353.36,99.36,1.027
2023-02-04,Southeast Asia,Storage,117.0,410,423.26,99.95,1.015
2023-02-04,Central India,Storage,130.0,560,1124.42,99.77,0.988
2023-02-04,West Europe,Compute,445.0,527,824.55,99.7,1.059
2023-02-05,Southeast Asia,Compute,205.0,604,451.89,99.79,1.044
2023-02-05,Central India,Storage,354.0,456,1075.86,99.19,0.981
2023-02-05,East US,Storage,392.0,417,1358.38,99.59,1.025
2023-02-05,West Europe,Storage,235.0,306,513.89,99.85,1.022
2023-02-06,Central India,Compute,258.0,509,671.27,98.91,1.002
2023-02-06,West Europe,Storage,86.0,505,1237.31,99.44,1.08
2023-02-06,East US,Storage,174.0,450,774.82,99.75,1.04
2023-02-06,Southeast Asia,Storage,205.0,352,760.16,99.16,1.055
2023-02-07,East US,Storage,425.0,569,1267.12,99.0,1.046
2023-02-07,Central India,Compute,301.0,430,574.26,99.77,1.014
2023-02-07,Southeast Asia,Compute,279.0,546,1156.89,98.88,1.025
2023-02-07,West Europe,Compute,412.0,459,719.12,98.87,1.083
2023-02-08,East US,Compute,346.0,453,743.5,99.9,1.043
2023-02-08,West Europe,Compute,309.0,519,1646.9,99.74,1.05
2023-02-08,Central India,Storage,342.0,566,1661.6,99.99,1.064
2023-02-08,Southeast Asia,Storage,445.0,439,837.93,99.88,0.983
2023-02-09,Southeast Asia,Compute,134.0,491,473.73,99.61,1.04
2023-02-09,East US,Compute,160.0,439,1494.66,99.65,1.057
2023-02-09,West Europe,Storage,131.0,357,431.17,99.19,1.03
2023-02-09,Central India,Compute,102.0,634,1730.45,99.15,0.985
2023-02-10,Southeast Asia,Storage,123.0,570,345.53,99.79,1.035
2023-02-10,Central India,Compute,198.0,461,396.14,99.47,1.069
2023-02-10,West Europe,Compute,275.0,626,1321.92,99.62,1.053
2023-02-10,East US,Storage,438.0,445,1469.05,99.37,1.057
2023-02-11,West Europe,Compute,225.0,562,926.83,98.76,1.015
2023-02-11,Central India,Compute,108.0,450,378.0,99.45,0.989
2023-02-11,Southeast Asia,Compute,358.0,356,842.23,99.16,1.044
2023-02-11,East US,Compute,398.0,624,653.52,99.62,1.085
2023-02-12,Southeast Asia,Storage,267.0,529,640.1,99.48,1.064
2023-02-12,Central India,Storage,263.0,451,984.62,99.49,1.011
2023-02-12,West Europe,Compute,218.0,591,507.6,99.56,1.043
2023-02-12,East US,Storage,115.0,503,406.67,99.15,1.069
2023-03-01,Southeast Asia,Compute,294.0,551,367.84,99.12,1.027
2023-03-01,Central India,Storage,123.0,461,892.73,99.9,1.067
2023-03-01,East US,Storage,446.0,563,351.58,99.87,1.011
2023-03-01,West Europe,Storage,81.0,353,1120.07,98.94,1.096
2023-03-02,Southeast Asia,Compute,368.0,449,638.0,99.17,1.039
2023-03-02,West Europe,Compute,343.0,535,491.37,99.07,1.024
2023-03-02,Central India,Storage,399.0,525,666.53,99.34,1.02
2023-03-02,East US,Compute,312.0,408,1019.37,99.45,1.068
2023-03-03,Southeast Asia,Storage,254.0,383,1281.77,99.05,1.094
2023-03-03,Central India,Compute,118.0,570,1492.21,99.59,1.006
2023-03-03,West Europe,Compute,137.0,325,538.41,99.3,1.093
2023-03-03,East US,Storage,86.0,328,333.19,99.12,1.039
2023-03-04,Southeast Asia,Storage,348.0,480,1680.45,99.37,1.054
2023-03-04,Central India,Compute,449.0,565,1571.5,99.08,1.098
2023-03-04,West Europe,Storage,403.0,377,403.88,99.94,1.037
2023-03-04,East US,Storage,439.0,628,872.91,98.97,0.995
2023-03-05,Southeast Asia,Compute,109.0,421,474.21,99.93,1.018
2023-03-05,Central India,Compute,442.0,533,893.15,99.1,0.998
2023-03-05,West Europe,Storage,404.0,643,1058.18,99.94,1.026
2023-03-05,East US,Storage,195.0,503,1139.53,98.84,1.0
2023-03-06,East US,Compute,84.0,356,1616.98,99.48,1.01
2023-03-06,West Europe,Compute,397.0,349,949.15,99.58,1.02
2023-03-06,Central India,Storage,126.0,466,1716.67,99.53,1.061
2023-03-06,Southeast Asia,Compute,294.0,313,1471.49,99.71,1.052
2023-03-07,West Europe,Compute,269.0,607,941.5,98.98,1.006
2023-03-07,East US,Compute,335.0,486,806.22,99.64,1.049
2023-03-07,Southeast Asia,Storage,284.0,636,528.07,99.29,1.022
2023-03-07,Central India,Storage,163.0,312,1235.22,99.47,0.986
2023-03-08,West Europe,Storage,339.0,374,1695.96,99.57,1.017
2023-03-08,Southeast Asia,Compute,133.0,328,808.96,99.35,0.999
2023-03-08,Central India,Storage,294.0,578,776.97,99.45,1.021
2023-03-08,East US,Storage,287.0,568,1449.79,99.61,1.02
2023-03-09,Southeast Asia,Compute,184.0,300,1142.8,99.57,1.091
2023-03-09,Central India,Compute,230.0,370,1631.2,99.51,1.077
2023-03-09,West Europe,Storage,203.0,378,1242.85,99.52,1.034
2023-03-09,East US,Storage,176.0,635,1771.89,99.19,1.073
2023-03-10,East US,Compute,82.0,513,1315.72,98.85,0.988
2023-03-10,West Europe,Compute,255.0,444,892.5,99.4,0.995
2023-03-10,Central India,Compute,167.0,316,584.5,99.68,1.067
2023-03-10,Southeast Asia,Compute,298.0,504,850.02,99.2,1.097
2023-03-11,Central India,Storage,96.0,318,657.51,99.72,1.038
2023-03-11,West Europe,Storage,368.0,530,1131.28,99.46,1.092
2023-03-11,Southeast Asia,Storage,275.0,629,658.27,99.92,1.017
2023-03-11,East US,Storage,354.0,480,1039.47,99.31,1.039
2023-03-12,East US,Storage,398.0,502,915.9,99.86,1.088
2023-03-12,West Europe,Compute,136.0,349,946.41,98.96,1.033
2023-03-12,Central India,Compute,167.0,301,659.05,99.24,1.01
2023-03-12,Southeast Asia,Storage,173.0,597,1394.12,99.42,1.023
2023-04-01,Southeast Asia,Compute,368.0,560,1689.45,99.54,1.09
2023-04-01,West Europe,Compute,120.0,456,1503.3,98.8,1.098
2023-04-01,East US,Storage,446.0,352,1180.13,99.95,1.053
2023-04-01,Central India,Storage,208.0,435,308.28,99.75,1.065
2023-04-02,East US,Storage,410.0,617,1508.8,98.77,1.081
2023-04-02,Southeast Asia,Storage,141.0,493,1135.14,99.44,1.014
2023-04-02,Central India,Storage,299.0,374,1598.26,99.75,1.011
2023-04-02,West Europe,Compute,322.0,330,915.6,99.97,0.993
2023-04-03,Central India,Storage,360.0,579,852.79,99.82,1.037
2023-04-03,West Europe,Compute,336.0,357,1641.15,99.0,1.006
2023-04-03,East US,Storage,171.0,320,1664.29,99.81,1.096
2023-04-03,Southeast Asia,Storage,139.0,444,436.75,98.9,1.034
2023-04-04,East US,Storage,90.0,309,807.4,99.9,1.007
2023-04-04,West Europe,Compute,394.0,633,959.11,99.49,1.093
2023-04-04,Central India,Storage,292.0,471,596.21,99.84,1.057
2023-04-04,Southeast Asia,Compute,201.0,331,775.38,99.83,1.011
2023-04-05,East US,Compute,213.0,495,1792.29,99.4,0.991
2023-04-05,West Europe,Compute,205.0,408,1756.11,99.7,1.098
2023-04-05,Southeast Asia,Compute,121.0,408,591.94,98.77,1.021
2023-04-05,Central India,Compute,384.0,461,552.51,99.02,1.081
2023-04-06,East US,Storage,108.0,579,714.48,99.26,1.098
2023-04-06,West Europe,Storage,141.0,456,1765.66,98.83,1.046
2023-04-06,Central India,Storage,397.0,468,1406.83,99.61,1.031
2023-04-06,Southeast Asia,Compute,256.0,503,411.06,99.48,1.042
2023-04-07,East US,Compute,137.0,627,1681.11,98.75,1.015
2023-04-07,West Europe,Storage,394.0,410,1662.65,99.3,1.036
2023-04-07,Central India,Compute,268.0,571,1222.88,99.68,1.042
2023-04-07,Southeast Asia,Storage,438.0,312,1454.17,99.21,1.079
2023-04-08,East US,Storage,427.0,572,459.51,98.85,1.093
2023-04-08,Central India,Compute,260.0,363,986.16,99.21,1.035
2023-04-08,Southeast Asia,Compute,86.0,577,503.03,98.95,1.002
2023-04-08,West Europe,Compute,158.0,409,1624.91,99.24,1.026
2023-04-09,East US,Storage,150.0,389,1194.7,99.75,1.026
2023-04-09,Southeast Asia,Compute,399.0,486,1501.41,98.93,0.993
2023-04-09,West Europe,Compute,176.0,373,1751.61,99.55,1.048
2023-04-09,Central India,Storage,135.0,507,1344.12,99.17,1.079
2023-04-10,East US,Compute,338.0,623,662.49,98.79,1.018
2023-04-10,Central India,Compute,234.0,561,1330.85,99.1,0.987
2023-04-10,West Europe,Compute,135.0,407,948.35,98.82,1.07
2023-04-10,Southeast Asia,Compute,337.0,548,1466.58,98.99,1.001
2023-04-11,Southeast Asia,Storage,216.0,391,1296.05,99.01,1.039
2023-04-11,Central India,Storage,352.0,587,665.2,99.29,1.071
2023-04-11,West Europe,Storage,95.0,311,747.74,99.57,1.019
2023-04-11,East US,Storage,332.0,521,760.63,98.75,1.019
2023-04-12,West Europe,Storage,357.0,381,1489.04,99.06,1.058
2023-04-12,Central India,Storage,282.0,323,1545.95,99.44,1.053
2023-04-12,East US,Compute,292.0,447,1493.95,99.09,0.989
2023-04-12,Southeast Asia,Compute,231.0,325,365.15,99.04,1.085
2023-05-01,Central India,Compute,180.0,430,1441.18,99.42,1.073
2023-05-01,Southeast Asia,Compute,362.0,506,941.31,98.73,0.993
2023-05-01,West Europe,Storage,372.0,398,1186.95,99.05,1.047
2023-05-01,East US,Compute,407.0,567,796.35,98.78,1.017
2023-05-02,East US,Storage,212.0,625,1751.99,99.62,1.004
2023-05-02,West Europe,Storage,192.0,439,472.26,99.49,1.015
2023-05-02,Central India,Compute,218.0,632,1098.88,98.77,1.02
2023-05-02,Southeast Asia,Storage,340.0,437,1784.94,99.12,1.077
2023-05-03,East US,Storage,278.0,648,496.87,98.74,1.091
2023-05-03,West Europe,Compute,125.0,314,1022.28,98.85,0.995
2023-05-03,Central India,Storage,419.0,527,1137.62,98.99,0.999
2023-05-03,Southeast Asia,Storage,196.0,643,949.87,99.97,0.998
2023-05-04,East US,Compute,97.0,448,1432.56,99.29,1.081
2023-05-04,Southeast Asia,Compute,292.0,582,1747.69,99.33,0.998
2023-05-04,Central India,Storage,314.0,644,1706.08,98.76,1.0
2023-05-04,West Europe,Storage,317.0,434,570.89,98.77,1.018
2023-05-05,Southeast Asia,Storage,354.0,464,1396.23,98.89,1.082
2023-05-05,East US,Storage,100.0,599,1546.03,99.4,1.0
2023-05-05,West Europe,Compute,359.0,424,966.07,99.51,1.039
2023-05-05,Central India,Compute,352.0,398,1620.47,99.5,1.048
2023-05-06,Central India,Storage,227.0,407,987.03,98.82,1.046
2023-05-06,East US,Compute,300.5,301,731.19,99.55,1.096
2023-05-06,West Europe,Compute,374.0,518,413.38,99.93,1.016
2023-05-06,Southeast Asia,Compute,369.0,622,859.89,99.43,1.034
2023-05-07,West Europe,Storage,222.0,500,1002.5,99.7,0.995
2023-05-07,Central India,Storage,259.0,612,957.27,99.78,0.999
2023-05-07,Southeast Asia,Compute,410.0,397,623.25,99.13,1.036
2023-05-07,East US,Compute,250.0,393,606.67,99.14,1.041
2023-05-08,West Europe,Storage,83.0,431,613.25,98.78,1.046
2023-05-08,East US,Compute,385.0,529,1602.25,99.08,1.0
2023-05-08,Central India,Storage,257.0,488,899.5,99.15,1.076
2023-05-08,Southeast Asia,Storage,323.0,422,1317.59,99.46,0.998
2023-05-09,Central India,Compute,423.0,419,1115.96,99.0,1.082
2023-05-09,West Europe,Storage,282.0,373,1387.93,99.16,0.99
2023-05-09,Southeast Asia,Storage,397.0,436,814.26,98.84,1.048
2023-05-09,East US,Compute,92.0,570,599.02,99.23,0.989
2023-05-10,Southeast Asia,Storage,207.0,472,303.11,99.04,1.042
2023-05-10,West Europe,Storage,148.0,383,1577.69,98.77,0.993
2023-05-10,East US,Compute,101.0,406,1517.44,99.08,1.034
2023-05-10,Central India,Compute,347.0,312,1672.65,98.9,1.07
2023-05-11,East US,Compute,134.0,556,1717.96,99.88,1.05
2023-05-11,West Europe,Compute,105.0,420,597.29,99.83,1.022
2023-05-11,Central India,Storage,110.0,614,1658.87,98.86,1.001
2023-05-11,Southeast Asia,Storage,335.0,323,1715.65,99.96,1.025
2023-05-12,West Europe,Storage,364.0,437,1485.2,98.98,1.061
2023-05-12,East US,Compute,242.0,598,1075.51,99.38,1.028
2023-05-12,Central India,Storage,367.0,325,1292.79,99.16,1.077
2023-05-12,Southeast Asia,Storage,416.0,457,337.29,98.71,1.007
2023-06-01,East US,Compute,431.0,530,1013.06,99.43,1.063
2023-06-01,West Europe,Compute,310.0,536,1109.76,98.96,1.093
2023-06-01,Central India,Compute,266.0,542,541.83,99.9,1.077
2023-06-01,Southeast Asia,Compute,213.0,583,1505.51,98.94,1.087
2023-06-02,East US,Compute,398.0,400,304.07,98.85,1.037
2023-06-02,West Europe,Storage,173.0,394,1694.29,99.77,1.096
2023-06-02,Central India,Storage,216.0,375,868.84,99.9,1.067
2023-06-02,Southeast Asia,Storage,399.0,648,509.66,99.73,1.004
2023-06-03,Central India,Storage,258.0,387,518.88,98.83,1.049
2023-06-03,Southeast Asia,Compute,159.0,609,1227.23,99.61,1.047
2023-06-03,West Europe,Compute,380.0,516,1590.18,99.71,0.985
2023-06-03,East US,Compute,353.0,619,893.32,99.96,1.067
2023-06-04,Southeast Asia,Storage,340.0,302,1787.71,98.83,1.028
2023-06-04,Central India,Storage,308.0,410,541.27,99.42,1.077
2023-06-04,West Europe,Storage,98.0,322,1333.33,99.83,1.056
2023-06-04,East US,Storage,357.0,470,1437.28,99.66,1.053
2023-06-05,West Europe,Storage,252.0,346,1604.95,98.87,1.075
2023-06-05,Central India,Storage,84.0,483,713.65,99.83,1.093
2023-06-05,Southeast Asia,Compute,226.0,453,1771.48,99.32,1.084
2023-06-05,East US,Compute,243.0,446,498.56,99.46,1.052
2023-06-06,East US,Storage,127.0,625,769.36,99.05,1.052
2023-06-06,West Europe,Compute,144.0,382,458.86,98.9,1.093
2023-06-06,Central India,Storage,127.0,547,1181.38,99.6,1.062
2023-06-06,Southeast Asia,Storage,448.0,600,1174.39,99.03,1.034
2023-06-07,Central India,Compute,292.0,640,1022.0,99.9,1.024
2023-06-07,East US,Compute,151.0,454,560.24,99.19,1.076
2023-06-07,West Europe,Storage,218.0,402,488.23,99.7,1.008
2023-06-07,Southeast Asia,Storage,271.0,609,431.32,99.06,1.03
2023-06-08,Southeast Asia,Compute,332.0,556,784.65,99.97,1.019
2023-06-08,Central India,Storage,187.0,567,1542.98,99.71,1.013
2023-06-08,West Europe,Compute,383.0,338,1053.74,98.96,1.018
2023-06-08,East US,Storage,95.0,346,1604.91,99.18,1.054
2023-06-09,West Europe,Storage,444.0,573,1393.3,99.09,1.052
2023-06-09,East US,Storage,247.0,502,660.33,99.27,1.014
2023-06-09,Southeast Asia,Storage,126.0,406,381.77,99.11,1.04
2023-06-09,Central India,Compute,152.0,313,1439.74,99.14,1.094
2023-06-10,Southeast Asia,Compute,124.0,625,1361.43,98.84,1.073
2023-06-10,Central India,Compute,99.0,525,687.16,99.3,0.996
2023-06-10,West Europe,Storage,110.0,374,973.9,99.08,1.092
2023-06-10,East US,Storage,406.0,416,1153.96,99.51,1.042
2023-06-11,Central India,Compute,427.0,534,1799.19,99.73,1.074
2023-06-11,West Europe,Compute,399.0,627,697.57,99.57,0.986
2023-06-11,East US,Storage,195.0,637,490.84,99.88,1.039
2023-06-11,Southeast Asia,Storage,166.0,314,727.01,99.19,1.071
2023-06-12,Central India,Storage,441.0,598,318.87,98.9,1.065
2023-06-12,West Europe,Storage,247.0,344,447.82,99.0,1.065
2023-06-12,East US,Storage,369.0,409,1526.95,99.9,1.045
2023-06-12,Southeast Asia,Compute,86.0,571,1458.4,98.8,1.079
2023-07-01,Central India,Compute,216.0,617,633.16,98.85,1.021
2023-07-01,West Europe,Compute,200.0,415,828.85,99.09,1.0
2023-07-01,East US,Compute,207.0,647,834.45,99.87,1.013
2023-07-01,Southeast Asia,Compute,394.0,459,1078.19,99.61,1.024
2023-07-02,East US,Storage,370.0,512,579.61,99.0,1.056
2023-07-02,West Europe,Storage,211.0,388,1615.8,99.21,1.078
2023-07-02,Southeast Asia,Compute,222.0,452,833.04,99.21,1.044
2023-07-02,Central India,Compute,183.0,313,1649.5,99.51,1.045
2023-07-03,East US,Storage,321.0,301,1101.36,99.84,0.99
2023-07-03,West Europe,Compute,195.0,453,895.38,98.87,1.048
2023-07-03,Central India,Storage,201.0,442,600.23,98.92,0.993
2023-07-03,Southeast Asia,Compute,396.0,422,347.38,99.91,0.986
2023-07-04,Central India,Storage,133.0,311,1418.6,98.96,1.095
2023-07-04,Southeast Asia,Compute,162.0,374,1434.4,99.79,1.036
2023-07-04,West Europe,Storage,191.0,312,1108.04,99.38,1.082
2023-07-04,East US,Storage,433.0,309,1413.52,99.75,1.054
2023-07-05,East US,Compute,262.0,549,1037.13,99.37,1.048
2023-07-05,West Europe,Compute,282.0,491,1038.49,99.44,1.084
2023-07-05,Southeast Asia,Compute,444.0,462,600.71,98.84,1.082
2023-07-05,Central India,Storage,298.0,381,965.18,99.48,1.051
2023-07-06,East US,Compute,217.0,372,1559.7,98.94,1.061
2023-07-06,Southeast Asia,Compute,152.0,547,532.0,99.41,1.06
2023-07-06,Central India,Storage,420.0,426,1510.78,99.81,1.078
2023-07-06,West Europe,Storage,245.0,444,1047.06,99.66,1.019
2023-07-07,Southeast Asia,Storage,348.0,607,1317.17,99.4,1.022
2023-07-07,Central India,Compute,366.0,543,1408.6,99.06,1.014
2023-07-07,East US,Storage,384.0,448,1742.24,99.56,1.092
2023-07-07,West Europe,Storage,352.0,305,1317.75,99.11,1.082
2023-07-08,East US,Storage,149.0,343,360.43,99.22,1.042
2023-07-08,West Europe,Compute,333.0,329,1308.38,99.32,1.077
2023-07-08,Central India,Storage,429.0,454,812.77,99.83,0.982
2023-07-08,Southeast Asia,Compute,240.0,534,498.27,99.27,1.057
2023-07-09,Southeast Asia,Compute,233.0,499,1490.9,99.91,1.055
2023-07-09,Central India,Compute,352.0,375,1517.71,99.14,1.032
2023-07-09,West Europe,Storage,171.0,637,1544.08,98.95,1.09
2023-07-09,East US,Storage,326.0,318,430.66,99.33,1.063
2023-07-10,Central India,Storage,245.0,592,952.52,99.08,1.045
2023-07-10,East US,Storage,293.0,639,470.95,99.53,1.08
2023-07-10,West Europe,Compute,128.0,351,698.34,99.74,1.01
2023-07-10,Southeast Asia,Storage,202.0,475,1798.57,98.98,0.992
2023-07-11,West Europe,Storage,358.0,358,1253.0,99.3,1.023
2023-07-11,East US,Storage,186.0,429,1230.84,99.52,1.064
2023-07-11,Central India,Compute,215.0,438,1474.74,98.92,1.041
2023-07-11,Southeast Asia,Storage,281.0,490,1308.97,98.92,1.067
2023-07-12,Southeast Asia,Compute,423.0,493,514.27,99.69,1.075
2023-07-12,Central India,Compute,281.0,431,1296.68,99.61,1.001
2023-07-12,West Europe,Compute,240.0,365,1510.89,99.29,1.007
2023-07-12,East US,Compute,204.0,636,1162.61,99.71,0.982
2023-08-01,East US,Compute,131.0,567,677.67,99.34,1.016
2023-08-01,Central India,Compute,303.0,524,1251.53,99.58,1.044
2023-08-01,Southeast Asia,Storage,239.0,497,663.08,99.57,1.071
2023-08-01,West Europe,Compute,160.0,486,1214.35,99.35,0.986
2023-08-02,East US,Compute,183.0,403,1236.36,98.85,1.093
2023-08-02,Southeast Asia,Compute,368.0,553,606.82,99.62,1.039
2023-08-02,Central India,Storage,310.0,456,527.51,99.1,1.01
2023-08-02,West Europe,Compute,258.0,341,508.91,99.72,1.054
2023-08-03,Central India,Storage,393.0,321,978.48,99.53,1.043
2023-08-03,Southeast Asia,Storage,93.0,311,670.65,98.91,1.085
2023-08-03,West Europe,Storage,190.0,550,1026.6,99.55,1.046
2023-08-03,East US,Storage,120.0,503,1606.45,99.62,1.076
2023-08-04,West Europe,Storage,306.0,453,887.29,99.23,1.063
2023-08-04,Central India,Compute,281.0,337,550.33,98.93,1.027
2023-08-04,Southeast Asia,Compute,198.0,370,1021.46,99.53,0.988
2023-08-04,East US,Compute,180.0,485,852.46,99.28,1.067
2023-08-05,East US,Compute,292.0,524,1639.64,98.78,1.086
2023-08-05,West Europe,Compute,404.0,312,1757.3,98.98,1.068
2023-08-05,Southeast Asia,Storage,205.0,576,838.07,99.74,1.013
2023-08-05,Central India,Storage,101.0,648,345.82,99.82,1.043
2023-08-06,Central India,Storage,375.0,502,988.41,99.65,1.053
2023-08-06,Southeast Asia,Compute,95.0,637,858.3,99.13,1.086
2023-08-06,East US,Storage,291.0,467,1280.99,99.76,0.986
2023-08-06,West Europe,Storage,126.0,362,833.96,98.72,0.989
2023-08-07,Southeast Asia,Compute,221.0,536,970.07,99.35,1.01
2023-08-07,West Europe,Storage,289.0,603,1551.86,99.91,1.002
2023-08-07,Central India,Storage,449.0,436,659.98,99.62,1.013
2023-08-07,East US,Storage,162.0,485,717.19,98.88,1.018
2023-08-08,Southeast Asia,Storage,104.0,484,321.85,99.02,1.084
2023-08-08,Central India,Compute,177.0,392,619.5,98.98,1.092
2023-08-08,East US,Compute,251.0,573,1199.19,99.86,1.026
2023-08-08,West Europe,Compute,265.0,394,1530.73,99.77,1.051
2023-08-09,East US,Storage,435.0,488,1417.24,99.28,0.982
2023-08-09,Central India,Storage,150.0,532,628.69,98.85,1.052
2023-08-09,West Europe,Storage,223.0,499,1423.44,99.16,1.056
2023-08-09,Southeast Asia,Compute,105.0,420,1023.9,98.98,1.096
2023-08-10,Central India,Compute,429.0,613,1232.28,98.98,1.033
2023-08-10,West Europe,Compute,404.0,391,1602.0,99.77,1.055
2023-08-10,East US,Storage,242.0,397,1615.69,99.38,1.036
2023-08-10,Southeast Asia,Compute,132.0,486,877.59,99.92,1.053
2023-08-11,Central India,Compute,148.0,559,392.51,99.28,1.005
2023-08-11,West Europe,Storage,165.0,448,532.18,99.09,1.01
2023-08-11,Southeast Asia,Compute,180.0,448,513.27,98.77,1.055
2023-08-11,East US,Storage,154.0,594,604.31,99.66,1.099
2023-08-12,Southeast Asia,Compute,139.0,604,1197.28,99.48,0.988
2023-08-12,Central India,Storage,315.0,580,563.37,98.93,1.09
2023-08-12,West Europe,Compute,404.0,404,471.28,99.37,1.05
2023-08-12,East US,Compute,204.0,620,1623.31,99.26,1.07
2023-09-01,East US,Compute,334.0,593,851.67,99.52,1.056
2023-09-01,Southeast Asia,Compute,226.0,447,1267.76,98.92,1.063
2023-09-01,West Europe,Compute,319.0,443,1552.95,99.11,1.002
2023-09-01,Central India,Compute,338.0,447,788.94,98.98,1.065
2023-09-02,West Europe,Storage,263.0,314,1495.94,98.89,1.008
2023-09-02,East US,Storage,432.0,417,1531.89,98.84,1.082
2023-09-02,Southeast Asia,Storage,378.0,582,818.54,98.93,1.089
2023-09-02,Central India,Storage,252.0,429,318.3,99.47,1.048
2023-09-03,East US,Storage,226.0,354,1005.27,99.66,1.085
2023-09-03,Central India,Storage,116.0,611,1762.19,99.54,1.004
2023-09-03,Southeast Asia,Compute,172.0,506,686.52,99.3,1.084
2023-09-03,West Europe,Compute,262.0,587,1047.29,99.42,1.066
2023-09-04,Southeast Asia,Storage,271.0,318,960.3,98.89,1.019
2023-09-04,East US,Storage,265.0,354,1354.42,98.77,1.038
2023-09-04,West Europe,Storage,161.0,458,334.4,99.12,1.056
2023-09-04,Central India,Compute,231.0,408,1418.89,99.97,1.005
2023-09-05,East US,Storage,365.0,356,1490.09,99.98,1.004
2023-09-05,West Europe,Storage,192.0,626,303.48,98.76,1.021
2023-09-05,Central India,Compute,80.0,336,308.5,99.91,1.079
2023-09-05,Southeast Asia,Compute,206.0,556,1568.88,99.49,0.991
2023-09-06,West Europe,Storage,437.0,620,680.04,99.97,1.015
2023-09-06,East US,Compute,354.0,463,1699.07,99.4,1.004
2023-09-06,Southeast Asia,Storage,363.0,481,1589.74,98.75,1.074
2023-09-06,Central India,Storage,288.0,372,609.33,99.73,1.02
2023-09-07,West Europe,Compute,231.0,304,472.2,99.91,1.074
2023-09-07,East US,Storage,197.0,372,1426.77,99.67,1.049
2023-09-07,Central India,Compute,184.0,480,674.19,99.63,1.083
2023-09-07,Southeast Asia,Storage,149.0,439,1663.76,99.1,1.063
2023-09-08,Southeast Asia,Compute,114.0,305,877.65,99.8,1.094
2023-09-08,West Europe,Storage,294.0,496,1445.54,99.38,1.007
2023-09-08,East US,Compute,303.0,519,321.5,99.32,0.983
2023-09-08,Central India,Compute,350.0,422,545.05,98.94,1.004
2023-09-09,East US,Compute,81.0,407,1012.65,99.86,1.043
2023-09-09,West Europe,Compute,157.0,515,1321.01,99.56,1.041
2023-09-09,Central India,Storage,145.0,533,1765.93,99.01,1.06
2023-09-09,Southeast Asia,Storage,383.0,429,529.72,99.64,1.052
2023-09-10,Southeast Asia,Compute,302.0,401,1763.4,98.78,1.079
2023-09-10,West Europe,Storage,204.0,478,955.14,99.3,1.075
2023-09-10,East US,Compute,303.0,453,1060.5,99.44,1.092
2023-09-10,Central India,Compute,354.0,396,1797.3,98.8,1.007
2023-09-11,Southeast Asia,Storage,405.0,643,503.44,98.89,1.064
2023-09-11,Central India,Compute,214.0,521,1755.18,98.73,1.076
2023-09-11,West Europe,Storage,179.0,311,596.54,99.11,1.051
2023-09-11,East US,Storage,416.0,342,539.31,99.84,0.981
2023-09-12,Southeast Asia,Storage,89.0,405,507.42,99.25,1.046
2023-09-12,Central India,Storage,283.0,606,730.89,99.65,1.034
2023-09-12,West Europe,Compute,87.0,453,730.86,99.36,1.077
2023-09-12,East US,Storage,248.0,361,1658.64,99.96,1.008
2023-10-01,West Europe,Storage,230.0,597,686.91,99.55,1.078
2023-10-01,Southeast Asia,Storage,88.0,532,823.81,99.64,1.088
2023-10-01,Central India,Compute,139.0,301,1794.38,99.95,1.047
2023-10-01,East US,Storage,118.0,637,1556.57,99.57,1.068
2023-10-02,West Europe,Storage,220.0,403,1058.83,99.49,0.982
2023-10-02,Central India,Storage,250.0,623,1485.13,98.73,1.058
2023-10-02,Southeast Asia,Compute,171.0,586,1210.07,99.25,1.068
2023-10-02,East US,Storage,213.0,499,935.4,99.07,1.054
2023-10-03,East US,Compute,103.0,592,818.9,99.18,1.099
2023-10-03,Southeast Asia,Compute,265.0,545,838.73,99.2,1.036
2023-10-03,Central India,Storage,307.0,365,1196.59,99.72,1.059
2023-10-03,West Europe,Storage,129.0,476,1070.99,99.46,0.984
2023-10-04,East US,Compute,225.0,618,630.92,99.47,1.068
2023-10-04,West Europe,Compute,392.0,417,1263.85,99.24,1.056
2023-10-04,Central India,Storage,126.0,497,1786.69,99.66,1.069
2023-10-04,Southeast Asia,Storage,404.0,360,1769.47,98.91,1.064
2023-10-05,West Europe,Compute,267.0,472,1346.63,98.71,0.992
2023-10-05,Southeast Asia,Storage,437.0,487,517.79,99.62,1.06
2023-10-05,East US,Compute,369.0,559,910.66,98.79,1.022
2023-10-05,Central India,Storage,95.0,365,415.29,99.35,1.075
2023-10-06,Southeast Asia,Compute,442.0,609,342.47,98.97,1.014
2023-10-06,Central India,Storage,218.0,485,332.87,99.09,1.04
2023-10-06,West Europe,Storage,186.0,336,1475.98,99.24,1.04
2023-10-06,East US,Storage,137.0,422,1358.19,99.25,1.033
2023-10-07,Central India,Compute,143.0,549,505.63,99.65,1.056
2023-10-07,Southeast Asia,Storage,149.0,412,367.87,98.98,0.982
2023-10-07,West Europe,Storage,195.0,513,560.01,99.33,0.994
2023-10-07,East US,Compute,325.0,388,1394.57,99.91,1.052
2023-10-08,West Europe,Compute,215.0,642,1080.67,99.98,1.004
2023-10-08,East US,Compute,87.0,421,517.99,99.35,0.987
2023-10-08,Southeast Asia,Storage,192.0,300,795.59,99.46,1.035
2023-10-08,Central India,Storage,412.0,626,447.01,98.76,1.002
2023-10-09,Southeast Asia,Storage,98.0,561,610.49,99.8,0.99
2023-10-09,Central India,Storage,202.0,545,1195.97,99.21,1.037
2023-10-09,West Europe,Storage,317.0,433,1045.88,98.93,0.993
2023-10-09,East US,Storage,375.0,621,1583.33,99.24,1.017
2023-10-10,East US,Storage,202.0,492,1071.34,99.4,1.011
2023-10-10,West Europe,Compute,360.0,342,958.7,98.75,1.023
2023-10-10,Central India,Storage,205.0,368,1587.5,99.3,1.074
2023-10-10,Southeast Asia,Compute,89.0,413,767.48,99.38,0.988
2023-10-11,West Europe,Storage,400.0,573,1563.29,98.97,0.989
2023-10-11,East US,Storage,437.0,589,1799.77,98.7,1.057
2023-10-11,Southeast Asia,Storage,363.0,509,773.33,99.72,1.062
2023-10-11,Central India,Storage,278.0,461,1082.57,99.04,1.072
2023-10-12,West Europe,Storage,112.0,530,1538.83,99.09,1.028
2023-10-12,East US,Compute,267.0,616,900.04,99.7,1.093
2023-10-12,Central India,Compute,212.0,379,689.69,99.03,1.1
2023-10-12,Southeast Asia,Compute,186.0,444,1090.23,98.77,0.993
2023-11-01,Central India,Compute,428.0,637,1028.42,99.28,1.099
2023-11-01,West Europe,Storage,183.0,639,1171.03,99.18,1.093
2023-11-01,East US,Storage,133.0,419,1631.66,99.8,1.092
2023-11-01,Southeast Asia,Storage,240.0,367,655.87,99.12,1.07
2023-11-02,East US,Storage,376.0,513,1666.03,98.86,1.008
2023-11-02,West Europe,Storage,189.0,481,1556.24,99.13,1.017
2023-11-02,Central India,Compute,228.0,608,802.8,99.74,0.981
2023-11-02,Southeast Asia,Compute,370.0,362,921.76,99.81,1.091
2023-11-03,West Europe,Storage,93.0,633,325.5,99.23,0.988
2023-11-03,Central India,Compute,397.0,615,907.53,99.46,1.05
2023-11-03,Southeast Asia,Storage,209.0,530,545.29,99.2,1.096
2023-11-03,East US,Compute,304.0,581,1373.74,99.87,1.002
2023-11-04,West Europe,Compute,114.0,601,638.31,99.19,1.035
2023-11-04,Central India,Storage,128.0,373,1706.03,99.61,1.056
2023-11-04,Southeast Asia,Storage,230.5,594,1044.69,99.26,1.068
2023-11-04,East US,Storage,333.0,417,709.61,99.37,1.016
2023-11-05,Central India,Compute,237.0,568,1205.24,99.16,1.058
2023-11-05,West Europe,Compute,106.0,417,782.24,99.31,1.007
2023-11-05,East US,Compute,369.0,594,901.96,99.08,0.998
2023-11-05,Southeast Asia,Storage,110.0,636,1379.69,99.82,1.034
2023-11-06,Central India,Storage,162.0,590,1508.77,98.71,1.091
2023-11-06,West Europe,Compute,281.0,647,1296.33,99.84,1.078
2023-11-06,East US,Compute,321.0,420,690.35,98.91,0.999
2023-11-06,Southeast Asia,Compute,391.0,533,1103.33,99.16,1.022
2023-11-07,East US,Compute,97.0,448,1531.47,99.43,1.059
2023-11-07,Central India,Compute,140.0,491,456.68,99.44,1.036
2023-11-07,Southeast Asia,Storage,316.0,648,639.41,99.86,1.074
2023-11-07,West Europe,Compute,119.0,541,1140.87,99.92,0.99
2023-11-08,Southeast Asia,Compute,171.0,478,796.72,99.69,1.03
2023-11-08,West Europe,Storage,358.0,470,1336.09,99.64,0.986
2023-11-08,East US,Compute,385.0,311,1776.05,99.73,1.071
2023-11-08,Central India,Storage,220.0,342,1132.1,98.8,0.981
2023-11-09,Central India,Compute,407.0,448,1554.8,99.61,1.091
2023-11-09,West Europe,Compute,372.0,308,1252.99,98.95,1.005
2023-11-09,Southeast Asia,Compute,114.0,418,1729.68,99.63,1.092
2023-11-09,East US,Compute,148.0,310,518.0,99.77,1.069
2023-11-10,Southeast Asia,Compute,401.0,454,1531.89,99.02,1.031
2023-11-10,Central India,Storage,338.0,346,1636.25,99.28,1.035
2023-11-10,West Europe,Storage,105.0,371,814.58,99.56,0.992
2023-11-10,East US,Storage,256.0,517,1323.77,99.55,1.066
2023-11-11,Central India,Compute,305.0,306,1360.84,98.95,1.024
2023-11-11,East US,Storage,316.0,608,901.46,99.15,1.073
2023-11-11,West Europe,Compute,433.0,585,1080.29,99.43,0.982
2023-11-11,Southeast Asia,Storage,132.0,541,1733.85,98.79,1.023
2023-11-12,East US,Storage,178.0,616,949.88,99.73,1.069
2023-11-12,Southeast Asia,Storage,360.0,564,1514.14,99.73,1.092
2023-11-12,West Europe,Storage,87.0,504,774.7,99.7,0.986
2023-11-12,Central India,Compute,99.0,347,1015.72,98.87,1.008
2023-12-01,Central India,Storage,362.0,326,1492.22,99.35,1.049
2023-12-01,East US,Storage,214.0,494,1286.42,99.43,0.991
2023-12-01,West Europe,Compute,101.0,537,1184.81,99.96,1.038
2023-12-01,Southeast Asia,Storage,396.0,603,721.16,98.73,1.057
2023-12-02,East US,Compute,289.0,646,978.33,98.99,1.034
2023-12-02,West Europe,Compute,261.0,451,913.5,98.91,0.984
2023-12-02,Central India,Compute,256.0,584,1170.88,99.52,0.982
2023-12-02,Southeast Asia,Compute,128.0,636,1741.61,98.89,1.03
2023-12-03,Southeast Asia,Storage,250.0,300,678.79,99.16,1.026
2023-12-03,Central India,Storage,172.0,565,1304.09,98.89,1.034
2023-12-03,West Europe,Storage,380.0,602,652.01,99.84,1.033
2023-12-03,East US,Storage,242.0,528,313.55,99.46,1.052
2023-12-04,Central India,Storage,299.0,462,713.42,99.72,1.097
2023-12-04,East US,Storage,376.0,481,637.84,98.87,1.028
2023-12-04,Southeast Asia,Storage,261.0,405,1567.18,99.05,0.999
2023-12-04,West Europe,Storage,231.0,335,320.1,99.06,0.985
2023-12-05,Southeast Asia,Storage,206.0,374,707.32,99.22,0.992
2023-12-05,East US,Storage,133.0,351,1255.64,99.38,1.036
2023-12-05,West Europe,Storage,132.0,634,1128.75,99.37,0.997
2023-12-05,Central India,Compute,343.0,311,1045.04,99.07,0.996
2023-12-06,Central India,Compute,448.0,512,1655.34,98.8,1.079
2023-12-06,East US,Storage,423.0,452,1542.18,98.98,1.077
2023-12-06,West Europe,Compute,115.0,409,831.64,99.35,1.093
2023-12-06,Southeast Asia,Compute,229.0,417,1491.73,99.84,1.021
2023-12-07,East US,Storage,246.0,606,1288.08,99.39,0.992
2023-12-07,Central India,Compute,263.0,461,375.52,98.77,1.063
2023-12-07,Southeast Asia,Compute,357.0,339,1784.15,99.44,0.997
2023-12-07,West Europe,Storage,284.0,519,1775.35,99.03,1.096
2023-12-08,East US,Storage,299.0,367,565.62,98.83,1.095
2023-12-08,West Europe,Storage,85.0,579,773.05,99.21,1.008
2023-12-08,Central India,Compute,227.0,417,1226.29,98.97,1.051
2023-12-08,Southeast Asia,Compute,449.0,474,1683.65,98.79,1.014
2023-12-09,Central India,Storage,164.0,513,1647.53,99.45,0.995
2023-12-09,Southeast Asia,Storage,160.0,629,1187.58,98.95,1.06
2023-12-09,East US,Storage,198.0,537,1098.33,99.76,0.992
2023-12-09,West Europe,Compute,302.0,556,1146.62,99.47,1.0
2023-12-10,East US,Storage,296.0,563,969.22,99.57,1.02
2023-12-10,West Europe,Storage,420.0,547,373.15,99.79,1.033
2023-12-10,Central India,Compute,172.0,564,437.03,99.68,1.05
2023-12-10,Southeast Asia,Storage,371.0,383,584.17,99.22,1.094
2023-12-11,Central India,Compute,268.0,589,1116.19,99.66,1.071
2023-12-11,East US,Compute,86.0,529,1667.01,99.41,1.001
2023-12-11,West Europe,Storage,329.0,382,1266.32,99.54,1.084
2023-12-11,Southeast Asia,Storage,120.0,603,581.29,98.71,0.991
2023-12-12,Central India,Compute,87.0,629,1656.17,98.9,1.024
2023-12-12,Southeast Asia,Compute,218.0,416,733.26,99.46,1.051
2023-12-12,East US,Storage,429.0,577,622.9,99.75,1.004
2023-12-12,West Europe,Storage,283.0,300,907.5,99.9,0.991
2024-01-01,East US,Compute,375.0,305,521.18,99.49,1.048
2024-01-01,West Europe,Compute,352.0,543,317.0,99.41,1.097
2024-01-01,Central India,Compute,444.0,389,1642.63,99.95,1.083
2024-01-01,Southeast Asia,Storage,192.0,345,814.76,99.42,0.989
2024-01-02,Central India,Storage,285.0,404,1152.48,99.27,0.988
2024-01-02,Southeast Asia,Storage,190.0,504,1221.81,99.77,1.039
2024-01-02,West Europe,Compute,245.0,490,1292.82,98.97,1.089
2024-01-02,East US,Compute,379.0,420,888.57,99.22,0.995
2024-01-03,Southeast Asia,Storage,322.0,599,825.41,99.28,0.996
2024-01-03,Central India,Storage,116.0,352,399.71,98.7,1.043
2024-01-03,West Europe,Compute,249.0,344,1569.43,99.16,1.08
2024-01-03,East US,Storage,437.0,467,974.87,99.81,1.095
2024-01-04,Central India,Storage,189.0,437,708.84,99.82,1.038
2024-01-04,West Europe,Compute,162.0,568,435.17,99.69,1.054
2024-01-04,East US,Storage,394.0,368,1169.3,99.07,1.024
2024-01-04,Southeast Asia,Storage,121.0,518,872.94,99.43,0.994
2024-01-05,West Europe,Compute,155.0,308,1080.0,99.72,1.007
2024-01-05,East US,Compute,445.0,585,1046.63,99.14,1.009
2024-01-05,Southeast Asia,Storage,87.0,344,669.41,99.87,0.993
2024-01-05,Central India,Compute,140.0,634,1520.74,99.34,1.005
2024-01-06,West Europe,Storage,248.0,371,1482.83,98.92,0.983
2024-01-06,Southeast Asia,Compute,236.0,593,1053.45,98.91,1.065
2024-01-06,Central India,Compute,128.0,602,477.98,99.44,1.089
2024-01-06,East US,Storage,378.0,398,617.7,99.8,1.031
2024-01-07,West Europe,Storage,400.0,421,912.73,99.15,1.072
2024-01-07,East US,Compute,408.0,360,865.28,99.61,1.061
2024-01-07,Southeast Asia,Storage,110.0,311,548.99,99.09,1.045
2024-01-07,Central India,Compute,149.0,459,400.2,99.92,1.098
2024-01-08,East US,Compute,310.0,553,1634.95,99.79,1.016
2024-01-08,Southeast Asia,Compute,164.0,309,685.22,99.28,1.063
2024-01-08,Central India,Storage,342.0,628,863.56,99.68,1.044
2024-01-08,West Europe,Storage,403.0,529,409.14,98.83,1.03
2024-01-09,East US,Storage,286.0,453,1571.42,98.97,1.055
2024-01-09,Southeast Asia,Storage,145.0,641,763.9,99.35,1.021
2024-01-09,Central India,Storage,95.0,426,1509.84,99.08,1.041
2024-01-09,West Europe,Storage,186.0,472,561.82,98.79,1.028
2024-01-10,Southeast Asia,Compute,100.0,564,1710.95,98.96,1.017
2024-01-10,East US,Storage,339.0,341,878.43,99.38,1.052
2024-01-10,West Europe,Storage,221.0,577,1635.63,99.05,0.984
2024-01-10,Central India,Storage,165.0,644,1359.18,99.97,1.043
2024-01-11,East US,Compute,134.0,313,1583.0,99.57,1.0
2024-01-11,Southeast Asia,Storage,321.0,500,958.14,99.0,1.029
2024-01-11,Central India,Compute,85.0,570,840.57,99.25,1.098
2024-01-11,West Europe,Compute,383.0,567,418.06,99.33,1.005
2024-01-12,East US,Storage,221.0,413,1512.77,99.85,0.981
2024-01-12,Southeast Asia,Storage,162.0,649,1574.63,99.1,1.078
2024-01-12,Central India,Compute,447.0,342,1091.86,99.05,1.089
2024-01-12,West Europe,Storage,334.0,567,1497.27,98.86,1.028
2024-02-01,Central India,Compute,435.0,413,1343.12,99.76,0.987
2024-02-01,East US,Compute,203.0,309,1115.82,99.14,1.037
2024-02-01,West Europe,Compute,349.0,516,951.07,99.76,1.089
2024-02-01,Southeast Asia,Compute,286.0,581,553.69,99.12,1.033
2024-02-02,Southeast Asia,Storage,264.0,433,861.97,98.94,1.032
2024-02-02,Central India,Storage,440.0,406,914.08,99.07,0.982
2024-02-02,West Europe,Storage,375.0,534,502.86,99.44,1.029
2024-02-02,East US,Compute,380.0,463,477.54,99.53,1.01
2024-02-03,Southeast Asia,Compute,334.0,310,369.39,99.04,1.04
2024-02-03,Central India,Storage,247.0,350,1346.96,98.7,1.085
2024-02-03,West Europe,Compute,221.0,551,642.09,98.71,0.996
2024-02-03,East US,Storage,331.0,307,1156.02,99.68,0.998
2024-02-04,West Europe,Compute,344.0,616,981.41,99.63,0.993
2024-02-04,Central India,Compute,229.0,309,1776.97,98.88,1.032
2024-02-04,East US,Compute,191.0,552,362.25,99.06,1.009
2024-02-04,Southeast Asia,Storage,273.5,471,1295.7,99.33,1.042
2024-02-05,West Europe,Storage,356.0,393,407.25,99.2,1.069
2024-02-05,Central India,Compute,242.0,574,1193.03,99.83,0.986
2024-02-05,East US,Compute,416.0,361,735.72,98.91,1.091
2024-02-05,Southeast Asia,Compute,354.0,363,1343.03,98.84,1.06
2024-02-06,Southeast Asia,Compute,380.0,382,820.57,99.24,0.982
2024-02-06,West Europe,Storage,364.0,301,1360.19,99.72,1.003
2024-02-06,East US,Compute,102.0,405,1387.64,99.94,1.011
2024-02-06,Central India,Storage,355.0,479,874.19,99.46,1.058
2024-02-07,East US,Storage,212.0,580,476.97,99.77,1.065
2024-02-07,West Europe,Compute,175.0,522,1350.46,98.96,1.032
2024-02-07,Central India,Storage,83.0,317,911.99,98.84,1.078
2024-02-07,Southeast Asia,Storage,437.0,324,338.45,99.89,1.082
2024-02-08,Central India,Compute,296.0,620,1061.68,99.34,1.092
2024-02-08,Southeast Asia,Storage,116.0,363,744.38,99.4,1.007
2024-02-08,East US,Compute,198.0,467,450.32,99.57,0.981
2024-02-08,West Europe,Compute,269.0,615,794.95,99.74,0.996
2024-02-09,East US,Compute,94.0,336,1615.27,99.4,1.009
2024-02-09,Central India,Compute,431.0,505,1389.66,98.82,1.028
2024-02-09,Southeast Asia,Storage,338.0,548,647.77,98.84,1.057
2024-02-09,West Europe,Compute,109.0,395,613.26,98.95,1.057
2024-02-10,Southeast Asia,Storage,121.0,557,709.23,98.9,0.986
2024-02-10,Central India,Storage,302.0,580,1516.0,99.23,1.07
2024-02-10,West Europe,Storage,442.0,395,396.29,99.39,1.066
2024-02-10,East US,Storage,152.0,449,1672.0,99.44,1.069
2024-02-11,West Europe,Storage,88.0,469,949.51,99.53,1.013
2024-02-11,Central India,Storage,385.0,375,1743.42,99.0,0.992
2024-02-11,Southeast Asia,Storage,96.0,365,1388.64,99.57,1.02
2024-02-11,East US,Compute,121.0,450,1575.06,99.48,0.997
2024-02-12,Southeast Asia,Compute,294.0,468,1789.36,99.21,1.055
2024-02-12,Central India,Storage,266.0,526,352.11,99.3,1.028
2024-02-12,West Europe,Compute,108.0,443,895.73,99.47,1.009
2024-02-12,East US,Storage,217.0,478,1279.03,98.86,1.001
2024-03-01,Southeast Asia,Compute,449.0,427,832.49,99.11,1.096
2024-03-01,Central India,Storage,277.0,504,790.16,99.66,0.99
2024-03-01,East US,Compute,385.0,373,892.42,99.03,1.098
2024-03-01,West Europe,Storage,319.0,320,966.72,99.03,1.003
2024-03-02,Southeast Asia,Storage,171.0,330,1041.24,99.64,1.026
2024-03-02,West Europe,Storage,82.0,493,1606.9,98.72,1.032
2024-03-02,Central India,Storage,83.0,543,923.98,99.66,0.991
2024-03-02,East US,Storage,184.5,434,1199.56,99.7,1.07
2024-03-03,Southeast Asia,Compute,286.0,643,1254.33,99.64,1.09
2024-03-03,Central India,Storage,304.0,441,1588.01,98.85,1.074
2024-03-03,West Europe,Storage,362.0,544,379.57,99.4,1.011
2024-03-03,East US,Storage,285.0,527,333.2,99.53,1.03
2024-03-04,Southeast Asia,Storage,159.0,315,567.03,99.76,1.013
2024-03-04,Central India,Storage,141.0,345,601.76,99.89,1.082
2024-03-04,West Europe,Storage,133.0,467,1163.32,99.93,1.083
2024-03-04,East US,Storage,435.0,325,1522.5,99.76,1.046
2024-03-05,Southeast Asia,Compute,132.0,578,462.0,99.93,1.037
2024-03-05,Central India,Storage,273.0,448,924.52,99.77,1.098
2024-03-05,West Europe,Compute,359.0,643,1051.57,99.11,0.996
2024-03-05,East US,Compute,146.0,558,1677.39,99.48,1.076
2024-03-06,East US,Compute,185.0,599,804.62,99.64,1.041
2024-03-06,West Europe,Compute,281.0,454,1776.25,98.73,1.064
2024-03-06,Central India,Compute,359.0,544,1489.51,99.89,1.06
2024-03-06,Southeast Asia,Compute,391.0,577,576.4,98.97,1.013
2024-03-07,Southeast Asia,Storage,159.0,562,1315.5,99.57,1.097
2024-03-07,East US,Compute,354.0,569,599.47,98.78,1.095
2024-03-07,Central India,Storage,407.0,428,1498.61,99.37,1.046
2024-03-07,West Europe,Storage,95.0,564,1162.43,99.85,1.058
2024-03-08,East US,Compute,288.0,617,1131.29,99.61,1.03
2024-03-08,Central India,Compute,180.0,543,1778.94,98.83,1.031
2024-03-08,Southeast Asia,Storage,305.0,376,1604.01,99.01,0.99
2024-03-08,West Europe,Storage,402.0,378,1592.66,98.92,1.055
2024-03-09,Southeast Asia,Storage,417.0,600,922.62,98.89,1.095
2024-03-09,Central India,Compute,152.0,414,1695.84,99.25,1.02
2024-03-09,West Europe,Compute,432.0,581,325.99,99.44,1.005
2024-03-09,East US,Compute,438.0,489,1533.0,99.67,1.041
2024-03-10,East US,Compute,356.0,619,1246.0,99.21,1.002
2024-03-10,West Europe,Storage,240.0,607,735.98,99.0,1.068
2024-03-10,Central India,Compute,302.0,565,671.02,99.22,1.066
2024-03-10,Southeast Asia,Compute,204.0,523,1103.07,99.9,0.993
2024-03-11,West Europe,Compute,431.0,534,740.22,98.97,1.012
2024-03-11,Central India,Storage,309.0,564,1420.16,99.12,1.06
2024-03-11,Southeast Asia,Compute,110.0,401,1738.05,98.73,1.069
2024-03-11,East US,Storage,351.0,380,708.95,99.35,1.018
2024-03-12,West Europe,Compute,321.0,331,338.29,99.64,1.08
2024-03-12,Central India,Storage,191.0,347,1533.34,99.89,1.075
2024-03-12,Southeast Asia,Compute,409.0,420,444.38,99.07,1.084
2024-03-12,East US,Storage,362.0,387,1406.23,98.87,1.041
2024-04-01,Southeast Asia,Compute,135.0,364,811.53,99.94,1.046
2024-04-01,West Europe,Compute,336.0,364,1209.02,99.44,0.986
2024-04-01,East US,Storage,143.0,347,407.6,99.55,1.032
2024-04-01,Central India,Compute,436.0,596,1056.11,99.4,1.014
2024-04-02,Central India,Compute,100.0,607,911.94,99.12,1.074
2024-04-02,East US,Storage,446.0,400,900.23,98.89,1.04
2024-04-02,Southeast Asia,Compute,412.0,426,366.22,99.98,0.996
2024-04-02,West Europe,Compute,242.0,472,1035.92,99.79,1.065
2024-04-03,Central India,Compute,324.0,608,955.17,99.37,1.015
2024-04-03,West Europe,Storage,294.0,472,1652.23,99.05,1.076
2024-04-03,East US,Storage,342.0,314,1264.25,99.19,1.095
2024-04-03,Southeast Asia,Storage,390.0,599,722.91,99.27,1.001
2024-04-04,East US,Storage,382.0,564,1586.49,99.04,1.042
2024-04-04,West Europe,Compute,421.0,619,1554.12,99.63,1.043
2024-04-04,Central India,Compute,334.0,440,806.95,99.31,1.02
2024-04-04,Southeast Asia,Compute,382.0,613,1400.43,99.51,1.082
2024-04-05,East US,Compute,196.0,579,1144.03,99.92,1.003
2024-04-05,West Europe,Storage,401.0,305,1140.36,99.03,1.012
2024-04-05,Southeast Asia,Storage,172.0,638,1072.63,99.58,1.058
2024-04-05,Central India,Compute,295.0,505,384.41,99.23,1.049
2024-04-06,East US,Compute,406.0,315,1303.62,99.92,1.079
2024-04-06,Southeast Asia,Storage,361.0,415,372.85,99.48,1.076
2024-04-06,West Europe,Compute,315.0,490,1681.98,98.77,1.023
2024-04-06,Central India,Storage,299.0,597,1468.64,99.63,1.04
2024-04-07,East US,Compute,129.0,488,862.45,99.51,1.075
2024-04-07,West Europe,Storage,282.0,560,1363.09,98.87,1.078
2024-04-07,Central India,Storage,357.0,461,990.51,98.85,1.061
2024-04-07,Southeast Asia,Storage,289.0,377,1569.01,99.31,1.067
2024-04-08,West Europe,Compute,390.0,309,618.56,99.81,0.987
2024-04-08,Central India,Compute,299.0,552,1534.17,99.4,1.007
2024-04-08,Southeast Asia,Storage,444.0,370,1475.33,99.44,0.994
2024-04-08,East US,Compute,111.0,436,718.98,99.9,1.062
2024-04-09,Central India,Storage,103.0,557,1511.33,98.77,0.988
2024-04-09,West Europe,Compute,119.0,481,1171.37,99.51,0.986
2024-04-09,Southeast Asia,Compute,132.0,601,1418.18,99.52,1.073
2024-04-09,East US,Compute,230.0,567,1385.98,99.55,1.033
2024-04-10,Central India,Storage,324.0,549,634.18,98.87,1.033
2024-04-10,West Europe,Storage,436.0,553,1289.72,99.63,0.998
2024-04-10,East US,Compute,108.0,419,454.53,98.79,0.991
2024-04-10,Southeast Asia,Compute,213.0,538,860.63,99.79,1.054
2024-04-11,Southeast Asia,Compute,425.0,511,652.99,99.42,1.095
2024-04-11,Central India,Storage,203.0,568,1652.21,98.93,1.022
2024-04-11,West Europe,Compute,167.0,362,1368.28,99.11,1.045
2024-04-11,East US,Storage,381.0,585,948.57,99.53,1.096
2024-04-12,East US,Compute,247.0,333,1086.43,99.23,1.017
2024-04-12,West Europe,Compute,300.0,309,1627.2,99.63,1.06
2024-04-12,Central India,Compute,137.0,614,1227.06,99.29,1.074
2024-04-12,Southeast Asia,Compute,284.0,428,1281.69,99.38,1.007
2024-05-01,Central India,Compute,128.0,631,407.97,99.03,1.066
2024-05-01,Southeast Asia,Storage,257.0,592,1750.3,99.38,1.016
2024-05-01,West Europe,Storage,81.0,628,493.55,99.26,1.013
2024-05-01,East US,Compute,360.0,556,541.07,99.96,0.999
2024-05-02,East US,Compute,294.0,391,1038.32,99.84,1.03
2024-05-02,West Europe,Compute,94.0,556,1319.59,99.49,1.072
2024-05-02,Central India,Storage,422.0,534,1265.36,98.84,1.032
2024-05-02,Southeast Asia,Compute,130.0,380,691.0,99.8,1.084
2024-05-03,East US,Storage,172.0,517,1083.86,99.71,0.999
2024-05-03,West Europe,Compute,380.0,376,465.61,99.24,1.018
2024-05-03,Central India,Compute,251.0,626,1446.06,98.72,1.092
2024-05-03,Southeast Asia,Storage,140.0,544,1707.87,98.94,1.097
2024-05-04,East US,Storage,431.0,542,1218.24,99.26,0.989
2024-05-04,Southeast Asia,Storage,230.0,625,826.38,99.9,1.076
2024-05-04,Central India,Storage,229.0,461,1164.61,99.72,1.019
2024-05-04,West Europe,Storage,231.0,410,479.74,99.28,1.089
2024-05-05,Southeast Asia,Compute,169.0,540,464.1,99.55,1.018
2024-05-05,East US,Storage,100.0,527,1169.95,99.92,0.988
2024-05-05,West Europe,Compute,129.0,394,1062.47,98.73,1.018
2024-05-05,Central India,Storage,92.0,302,975.87,99.07,1.016
2024-05-06,Central India,Storage,166.0,566,1286.35,99.84,1.049
2024-05-06,East US,Storage,137.0,634,983.8,99.67,1.06
2024-05-06,West Europe,Compute,296.0,627,941.8,98.83,1.054
2024-05-06,Southeast Asia,Storage,132.0,398,1473.77,99.4,0.999
2024-05-07,West Europe,Compute,123.0,431,422.14,99.26,1.047
2024-05-07,Central India,Storage,227.0,471,1433.88,99.53,1.008
2024-05-07,Southeast Asia,Compute,268.0,457,1336.0,99.79,1.038
2024-05-07,East US,Compute,214.0,631,1416.51,99.65,1.01
2024-05-08,West Europe,Compute,305.0,607,674.52,99.44,1.093
2024-05-08,East US,Storage,299.0,314,1136.46,99.44,1.0
2024-05-08,Central India,Storage,388.0,456,740.51,99.24,1.074
2024-05-08,Southeast Asia,Storage,312.0,631,1747.71,99.33,0.993
2024-05-09,Central India,Storage,215.0,606,1330.43,99.07,1.082
2024-05-09,West Europe,Compute,115.0,522,825.28,98.85,0.983
2024-05-09,Southeast Asia,Compute,420.0,597,578.93,98.84,1.067
2024-05-09,East US,Storage,114.0,637,1593.45,99.15,1.021
2024-05-10,Southeast Asia,Compute,185.0,435,368.56,98.96,1.075
2024-05-10,West Europe,Storage,331.0,548,1343.46,98.85,1.01
2024-05-10,East US,Compute,189.0,570,940.8,99.46,1.068
2024-05-10,Central India,Compute,291.0,371,1703.86,98.88,1.039
2024-05-11,East US,Storage,359.0,378,737.27,99.0,1.044
2024-05-11,West Europe,Storage,338.0,517,393.64,99.54,1.089
2024-05-11,Central India,Compute,199.0,379,769.74,99.44,1.058
2024-05-11,Southeast Asia,Storage,165.0,412,1553.04,99.49,1.056
2024-05-12,East US,Storage,80.0,310,818.96,99.57,1.094
2024-05-12,Central India,Storage,261.0,411,1304.91,98.72,1.005
2024-05-12,West Europe,Storage,322.0,343,1060.91,99.56,1.074
2024-05-12,Southeast Asia,Storage,349.0,453,679.44,99.58,1.067
2024-06-01,East US,Compute,227.0,529,1302.76,99.95,1.053
2024-06-01,West Europe,Storage,144.0,387,1723.37,99.02,1.044
2024-06-01,Central India,Compute,140.0,570,490.0,98.95,1.006
2024-06-01,Southeast Asia,Storage,110.0,518,446.79,99.44,1.046
2024-06-02,East US,Compute,247.0,441,1392.28,99.12,1.097
2024-06-02,West Europe,Compute,240.0,318,1064.64,99.45,1.023
2024-06-02,Central India,Storage,359.0,450,1144.88,99.54,1.005
2024-06-02,Southeast Asia,Compute,315.0,472,1237.42,99.64,1.092
2024-06-03,West Europe,Compute,414.0,394,720.95,99.95,0.998
2024-06-03,Southeast Asia,Compute,130.0,477,978.13,99.81,0.986
2024-06-03,Central India,Compute,341.0,572,1194.27,99.88,1.015
2024-06-03,East US,Storage,423.0,576,508.95,98.73,1.084
2024-06-04,Southeast Asia,Compute,246.0,459,889.43,99.94,1.03
2024-06-04,Central India,Compute,215.0,354,1593.23,99.85,1.036
2024-06-04,West Europe,Compute,191.0,620,1235.83,99.43,1.028
2024-06-04,East US,Storage,148.0,420,1376.11,99.92,1.043
2024-06-05,East US,Storage,292.0,302,1650.35,99.37,0.994
2024-06-05,West Europe,Compute,439.0,415,1373.45,99.73,1.022
2024-06-05,Central India,Storage,125.0,631,976.36,99.15,1.047
2024-06-05,Southeast Asia,Storage,165.0,436,1271.51,99.24,0.998
2024-06-06,East US,Storage,342.0,570,1666.85,99.76,0.995
2024-06-06,West Europe,Storage,329.0,621,1370.19,98.7,0.986
2024-06-06,Central India,Compute,92.0,645,926.08,99.08,1.09
2024-06-06,Southeast Asia,Storage,128.0,608,1363.91,99.39,1.037
2024-06-07,Southeast Asia,Compute,410.0,630,950.41,99.74,1.015
2024-06-07,East US,Storage,112.0,540,1041.93,98.87,1.095
2024-06-07,West Europe,Compute,295.0,378,1183.14,99.72,1.059
2024-06-07,Central India,Storage,339.0,304,540.56,99.54,1.092
2024-06-08,Southeast Asia,Compute,323.0,409,1241.55,99.18,0.997
2024-06-08,Central India,Compute,330.0,578,363.07,99.47,1.083
2024-06-08,West Europe,Storage,382.0,513,1560.8,99.84,0.999
2024-06-08,East US,Storage,399.0,320,762.53,99.84,1.061
2024-06-09,West Europe,Compute,381.0,422,1616.46,99.09,1.079
2024-06-09,East US,Compute,342.0,449,1793.41,98.8,1.037
2024-06-09,Southeast Asia,Compute,260.0,451,995.27,99.49,1.013
2024-06-09,Central India,Compute,182.0,643,1076.95,98.99,1.05
2024-06-10,East US,Compute,129.0,302,1495.89,99.29,1.019
2024-06-10,West Europe,Storage,382.0,441,1260.62,99.26,0.991
2024-06-10,Southeast Asia,Storage,271.0,324,1219.52,98.92,0.982
2024-06-10,Central India,Storage,160.0,550,408.47,99.66,1.065
2024-06-11,West Europe,Storage,292.0,411,472.98,98.99,0.992
2024-06-11,East US,Storage,301.0,520,1697.85,99.36,1.017
2024-06-11,Southeast Asia,Storage,376.0,388,1691.57,99.15,1.019
2024-06-11,Central India,Compute,216.0,546,955.94,99.64,1.062
2024-06-12,West Europe,Storage,126.0,520,1520.44,99.5,1.081
2024-06-12,East US,Storage,433.0,507,1344.81,99.47,0.995
2024-06-12,Central India,Storage,169.0,531,1083.42,99.37,1.063
2024-06-12,Southeast Asia,Storage,182.5,489,1173.3,98.96,0.986
2024-07-01,Southeast Asia,Compute,196.0,342,1466.0,99.42,1.057
2024-07-01,Central India,Storage,389.0,418,1033.98,99.36,1.012
2024-07-01,West Europe,Compute,339.0,607,1281.35,99.39,1.093
2024-07-01,East US,Compute,316.0,526,1077.74,99.15,1.008
2024-07-02,East US,Compute,337.0,463,557.1,98.8,1.063
2024-07-02,Central India,Compute,272.0,489,1618.32,99.11,0.995
2024-07-02,Southeast Asia,Storage,207.0,392,492.77,98.73,1.063
2024-07-02,West Europe,Storage,210.0,554,1670.65,99.84,1.1
2024-07-03,East US,Storage,127.0,356,1025.09,99.04,1.023
2024-07-03,West Europe,Compute,258.0,631,936.58,98.9,1.031
2024-07-03,Central India,Storage,87.0,303,887.51,99.5,1.096
2024-07-03,Southeast Asia,Compute,324.0,342,1481.02,99.4,1.019
2024-07-04,Central India,Storage,383.0,584,839.82,99.91,1.044
2024-07-04,West Europe,Storage,387.0,437,1464.91,99.41,1.059
2024-07-04,Southeast Asia,Storage,148.0,320,1400.88,99.23,1.023
2024-07-04,East US,Compute,425.0,547,1708.66,99.02,1.044
2024-07-05,West Europe,Compute,379.0,313,1326.5,99.37,1.073
2024-07-05,East US,Storage,436.0,305,622.63,99.05,1.0
2024-07-05,Southeast Asia,Storage,223.0,359,986.35,99.05,1.081
2024-07-05,Central India,Storage,189.0,496,1749.27,99.76,1.005
2024-07-06,Southeast Asia,Storage,365.0,638,549.62,99.71,1.01
2024-07-06,Central India,Storage,272.0,543,1608.7,99.62,1.05
2024-07-06,West Europe,Storage,298.0,635,342.95,98.96,1.009
2024-07-06,East US,Storage,324.0,554,1485.25,99.25,1.076
2024-07-07,Southeast Asia,Storage,306.0,399,1595.43,99.18,1.005
2024-07-07,Central India,Storage,412.0,447,622.13,99.78,1.03
2024-07-07,East US,Storage,194.0,535,459.58,99.34,1.053
2024-07-07,West Europe,Storage,350.0,315,1756.47,99.58,0.981
2024-07-08,West Europe,Storage,272.0,509,1434.72,98.84,1.081
2024-07-08,Central India,Compute,384.0,508,1757.1,98.81,1.088
2024-07-08,Southeast Asia,Storage,303.0,478,1577.16,99.87,1.041
2024-07-08,East US,Compute,192.0,527,1363.08,99.35,1.076
2024-07-09,Southeast Asia,Storage,399.0,476,1468.11,99.65,1.063
2024-07-09,Central India,Storage,161.0,357,562.76,99.31,1.058
2024-07-09,West Europe,Storage,380.0,620,1223.26,98.83,1.05
2024-07-09,East US,Storage,145.0,563,1618.13,99.78,1.008
2024-07-10,West Europe,Storage,423.0,502,887.0,99.42,1.062
2024-07-10,East US,Compute,110.0,416,1517.18,99.77,1.048
2024-07-10,Central India,Compute,354.0,621,1002.09,99.0,1.051
2024-07-10,Southeast Asia,Compute,276.0,534,308.45,98.74,1.048
2024-07-11,West Europe,Compute,211.0,498,1277.83,98.75,1.002
2024-07-11,East US,Storage,146.0,550,743.99,99.12,1.095
2024-07-11,Central India,Compute,201.0,376,1584.56,99.1,1.027
2024-07-11,Southeast Asia,Compute,177.0,628,366.52,99.1,1.062
2024-07-12,Southeast Asia,Storage,201.0,514,1641.34,98.79,1.098
2024-07-12,Central India,Storage,217.0,603,1402.49,98.78,1.069
2024-07-12,West Europe,Compute,191.0,458,559.69,98.76,1.01
2024-07-12,East US,Compute,306.0,368,1437.61,99.13,1.025
2024-08-01,East US,Compute,211.0,635,1116.69,98.92,1.071
2024-08-01,Southeast Asia,Compute,268.0,301,1078.74,99.08,1.031
2024-08-01,Central India,Storage,435.0,621,1020.2,99.18,1.039
2024-08-01,West Europe,Storage,160.0,472,1375.08,99.61,1.008
2024-08-02,East US,Compute,290.0,453,651.01,98.81,1.011
2024-08-02,Southeast Asia,Compute,87.0,331,958.01,99.71,1.074
2024-08-02,Central India,Compute,376.0,376,1363.77,98.96,1.005
2024-08-02,West Europe,Compute,330.0,421,1074.37,98.9,1.091
2024-08-03,Central India,Storage,222.0,520,443.54,99.88,0.991
2024-08-03,West Europe,Compute,365.0,387,1288.73,99.21,1.042
2024-08-03,East US,Compute,403.0,352,1006.14,99.83,1.05
2024-08-03,Southeast Asia,Storage,128.0,576,550.58,99.98,1.048
2024-08-04,East US,Compute,308.0,424,1551.2,99.71,1.002
2024-08-04,West Europe,Storage,121.0,575,1044.11,98.92,0.995
2024-08-04,Central India,Storage,126.0,560,777.38,99.01,1.047
2024-08-04,Southeast Asia,Storage,354.0,505,852.84,99.94,1.078
2024-08-05,Southeast Asia,Compute,284.0,498,1562.12,99.54,1.021
2024-08-05,Central India,Compute,324.0,635,1289.07,99.15,1.06
2024-08-05,West Europe,Compute,205.0,554,314.02,98.74,1.082
2024-08-05,East US,Storage,308.0,574,1206.92,99.59,0.982
2024-08-06,East US,Storage,155.0,383,730.22,99.22,1.069
2024-08-06,West Europe,Compute,173.0,356,1357.19,99.87,1.032
2024-08-06,Central India,Storage,157.0,645,312.05,99.33,1.044
2024-08-06,Southeast Asia,Compute,134.0,467,1005.52,99.11,1.055
2024-08-07,West Europe,Storage,185.0,335,330.42,99.5,1.059
2024-08-07,Central India,Compute,166.0,630,809.24,99.58,0.987
2024-08-07,Southeast Asia,Compute,201.0,534,1799.51,98.92,1.073
2024-08-07,East US,Compute,207.0,331,1753.88,98.77,1.051
2024-08-08,Southeast Asia,Compute,323.0,569,1441.59,99.38,1.007
2024-08-08,Central India,Storage,341.0,581,1729.77,98.93,1.067
2024-08-08,East US,Storage,103.0,515,808.61,99.28,0.992
2024-08-08,West Europe,Storage,91.0,428,752.39,99.49,0.985
2024-08-09,East US,Storage,100.0,434,507.04,99.57,1.052
2024-08-09,West Europe,Compute,363.0,506,1079.14,99.71,1.081
2024-08-09,Central India,Storage,449.0,588,1719.75,99.02,1.076
2024-08-09,Southeast Asia,Storage,92.0,571,1591.28,99.67,1.046
2024-08-10,Southeast Asia,Storage,439.0,556,526.11,99.5,1.03
2024-08-10,West Europe,Compute,414.0,394,1517.79,99.77,1.076
2024-08-10,East US,Compute,137.0,444,1117.86,99.37,0.991
2024-08-10,Central India,Compute,307.0,444,1306.47,99.56,1.06
2024-08-11,Southeast Asia,Storage,410.0,395,644.75,99.32,1.029
2024-08-11,East US,Storage,439.0,494,1132.46,99.08,1.004
2024-08-11,West Europe,Storage,417.0,457,970.59,99.9,1.083
2024-08-11,Central India,Compute,238.0,570,1386.95,98.75,1.1
2024-08-12,West Europe,Storage,156.0,358,664.95,99.92,1.023
2024-08-12,Central India,Storage,276.0,573,1676.45,98.8,1.031
2024-08-12,Southeast Asia,Compute,448.0,379,1796.54,99.67,1.096
2024-08-12,East US,Compute,433.0,339,1318.6,99.68,1.032
2024-09-01,East US,Compute,392.0,636,418.05,99.38,1.028
2024-09-01,West Europe,Compute,356.5,353,562.18,99.97,1.047
2024-09-01,Central India,Storage,321.0,502,724.33,99.85,0.983
2024-09-01,Southeast Asia,Storage,366.0,475,1515.39,99.39,1.013
2024-09-02,East US,Compute,140.0,563,1557.93,99.54,1.007
2024-09-02,West Europe,Storage,346.0,301,1139.78,99.94,1.055
2024-09-02,Southeast Asia,Storage,218.0,520,1786.58,98.83,1.029
2024-09-02,Central India,Compute,275.0,642,1662.66,98.83,1.066
2024-09-03,East US,Storage,142.0,495,1458.05,99.77,1.0
2024-09-03,Southeast Asia,Compute,334.0,301,721.06,99.99,1.012
2024-09-03,Central India,Storage,339.0,496,771.87,98.96,1.094
2024-09-03,West Europe,Compute,260.0,356,1622.78,99.33,1.045
2024-09-04,East US,Compute,186.0,627,706.44,99.07,1.013
2024-09-04,Southeast Asia,Compute,440.0,417,571.79,99.57,1.035
2024-09-04,West Europe,Compute,368.5,327,1455.96,99.5,1.052
2024-09-04,Central India,Compute,297.0,606,1701.98,98.71,0.986
2024-09-05,East US,Storage,123.0,495,1777.9,99.02,0.99
2024-09-05,Southeast Asia,Storage,213.0,480,745.5,98.93,1.072
2024-09-05,Central India,Storage,198.0,340,1398.46,99.16,1.078
2024-09-05,West Europe,Compute,351.0,308,1163.28,99.89,0.998
2024-09-06,East US,Storage,361.0,595,450.55,99.52,1.086
2024-09-06,West Europe,Storage,310.0,590,1601.56,98.7,1.026
2024-09-06,Southeast Asia,Compute,85.0,468,574.39,98.87,1.051
2024-09-06,Central India,Compute,107.0,399,1202.32,99.48,1.024
2024-09-07,West Europe,Compute,121.0,527,1291.5,99.21,1.069
2024-09-07,East US,Compute,291.0,391,348.94,99.92,1.091
2024-09-07,Southeast Asia,Storage,245.0,482,1382.53,98.88,1.027
2024-09-07,Central India,Storage,206.0,374,1637.18,98.91,0.998
2024-09-08,Southeast Asia,Compute,327.0,510,729.99,99.71,0.998
2024-09-08,Central India,Storage,338.0,570,1632.01,99.74,1.042
2024-09-08,East US,Compute,196.0,639,483.43,99.79,1.03
2024-09-08,West Europe,Compute,300.0,613,426.96,98.76,0.993
2024-09-09,East US,Storage,117.0,355,821.34,99.49,1.081
2024-09-09,West Europe,Compute,156.0,517,1208.29,99.33,0.993
2024-09-09,Central India,Storage,164.0,513,1124.98,99.23,0.989
2024-09-09,Southeast Asia,Compute,233.5,328,1258.72,99.76,0.987
2024-09-10,East US,Compute,303.0,423,714.93,99.96,1.011
2024-09-10,Central India,Compute,101.0,465,814.38,98.95,1.004
2024-09-10,West Europe,Compute,224.0,426,838.75,99.63,1.053
2024-09-10,Southeast Asia,Storage,404.0,457,1443.48,99.32,1.062
2024-09-11,Central India,Compute,343.0,485,1150.75,99.86,1.096
2024-09-11,West Europe,Storage,255.0,520,1105.81,99.71,1.047
2024-09-11,East US,Storage,81.0,511,777.41,99.5,1.0
2024-09-11,Southeast Asia,Compute,384.0,363,1094.83,99.55,0.99
2024-09-12,Southeast Asia,Compute,386.0,561,1443.35,99.37,1.005
2024-09-12,Central India,Compute,169.0,403,1176.78,99.28,1.007
2024-09-12,West Europe,Compute,164.0,388,826.08,99.05,1.049
2024-09-12,East US,Compute,206.0,520,412.17,99.88,1.069
2024-10-01,Southeast Asia,Compute,169.0,610,833.69,99.37,1.017
2024-10-01,Central India,Compute,138.0,463,1043.54,99.13,0.989
2024-10-01,West Europe,Storage,416.0,394,525.82,99.31,1.041
2024-10-01,East US,Compute,354.0,636,1642.55,99.58,1.01
2024-10-02,East US,Storage,383.0,575,686.05,99.59,0.985
2024-10-02,West Europe,Compute,157.0,559,1564.56,99.21,1.043
2024-10-02,Central India,Storage,279.0,330,708.0,99.63,1.005
2024-10-02,Southeast Asia,Compute,210.0,447,1183.73,99.29,1.069
2024-10-03,East US,Compute,417.0,407,1459.5,98.78,1.012
2024-10-03,Southeast Asia,Storage,338.0,401,904.34,99.87,1.069
2024-10-03,Central India,Compute,369.0,404,1496.31,99.39,1.017
2024-10-03,West Europe,Compute,210.0,628,458.87,98.72,1.077
2024-10-04,West Europe,Compute,339.0,527,1131.9,99.79,1.038
2024-10-04,Central India,Storage,234.0,547,1408.17,99.94,1.061
2024-10-04,Southeast Asia,Compute,153.0,442,964.41,99.47,1.037
2024-10-04,East US,Storage,194.0,312,300.08,99.93,1.078
2024-10-05,East US,Compute,369.0,612,577.81,99.58,1.044
2024-10-05,Central India,Compute,393.0,408,378.37,98.82,1.059
2024-10-05,Southeast Asia,Compute,106.0,587,301.7,98.8,1.072
2024-10-05,West Europe,Storage,375.0,402,352.32,99.23,0.993
2024-10-06,Southeast Asia,Compute,84.0,530,1112.53,99.53,1.045
2024-10-06,Central India,Compute,447.0,425,514.08,99.1,1.048
2024-10-06,West Europe,Compute,370.0,309,681.33,99.81,1.087
2024-10-06,East US,Compute,93.0,493,1069.6,99.75,1.073
2024-10-07,Central India,Storage,174.0,595,1659.15,98.87,1.049
2024-10-07,Southeast Asia,Compute,148.0,625,1290.8,99.49,1.082
2024-10-07,West Europe,Storage,413.0,625,1438.16,99.42,1.016
2024-10-07,East US,Compute,175.0,421,972.19,99.91,1.068
2024-10-08,Central India,Compute,371.0,390,1318.07,99.31,1.088
2024-10-08,West Europe,Compute,430.0,368,1259.33,99.56,1.03
2024-10-08,East US,Compute,131.0,313,1043.29,99.35,0.983
2024-10-08,Southeast Asia,Storage,350.0,368,1609.19,99.73,1.042
2024-10-09,Southeast Asia,Compute,439.0,380,318.89,99.86,1.05
2024-10-09,Central India,Storage,314.0,435,1053.85,98.93,1.059
2024-10-09,West Europe,Storage,83.0,627,1508.53,98.91,1.015
2024-10-09,East US,Compute,406.0,484,650.09,99.91,1.051
2024-10-10,East US,Compute,355.0,450,675.56,99.4,1.076
2024-10-10,West Europe,Compute,349.0,614,982.36,99.16,1.015
2024-10-10,Central India,Compute,85.0,416,1201.0,99.33,1.003
2024-10-10,Southeast Asia,Storage,208.0,470,872.56,99.18,1.009
2024-10-11,East US,Compute,96.0,440,1211.03,98.94,1.055
2024-10-11,West Europe,Compute,369.0,386,906.78,99.41,1.093
2024-10-11,Central India,Storage,98.0,629,1455.62,99.18,1.068
2024-10-11,Southeast Asia,Storage,414.0,314,1214.59,99.59,1.035
2024-10-12,East US,Compute,293.0,445,1484.57,98.95,1.052
2024-10-12,West Europe,Compute,140.0,377,600.33,98.85,1.081
2024-10-12,Central India,Storage,279.0,330,1739.9,99.19,0.981
2024-10-12,Southeast Asia,Compute,285.0,376,416.23,99.47,1.003
2024-11-01,Central India,Storage,130.0,480,455.0,98.83,1.017
2024-11-01,East US,Storage,417.0,470,757.14,98.93,0.99
2024-11-01,West Europe,Storage,399.0,531,965.78,98.94,1.058
2024-11-01,Southeast Asia,Compute,263.0,322,729.34,99.29,1.003
2024-11-02,Southeast Asia,Compute,271.0,549,361.47,99.61,1.034
2024-11-02,East US,Storage,436.0,639,641.45,99.38,1.077
2024-11-02,West Europe,Storage,443.0,542,668.45,98.84,1.075
2024-11-02,Central India,Storage,161.0,643,1582.66,99.15,1.097
2024-11-03,East US,Compute,410.0,464,399.44,99.17,1.028
2024-11-03,Central India,Storage,296.0,619,1245.95,98.8,1.039
2024-11-03,Southeast Asia,Storage,227.0,404,927.2,99.88,1.099
2024-11-03,West Europe,Compute,361.0,480,1371.23,99.81,0.999
2024-11-04,East US,Compute,448.0,409,1051.68,99.59,1.075
2024-11-04,West Europe,Storage,404.0,309,1712.99,98.78,1.028
2024-11-04,Central India,Storage,191.0,323,977.13,99.02,1.075
2024-11-04,Southeast Asia,Storage,269.0,495,1098.18,99.04,1.088
2024-11-05,West Europe,Compute,328.0,560,922.1,99.9,1.074
2024-11-05,East US,Storage,401.0,331,696.82,99.36,1.049
2024-11-05,Central India,Storage,231.0,431,999.59,99.09,1.032
2024-11-05,Southeast Asia,Compute,214.0,533,1190.63,98.72,1.011
2024-11-06,Central India,Compute,410.0,509,703.91,99.46,1.053
2024-11-06,West Europe,Storage,303.0,524,1753.87,99.49,1.028
2024-11-06,East US,Storage,305.0,373,799.56,99.22,1.031
2024-11-06,Southeast Asia,Compute,248.0,474,1144.35,99.93,0.989
2024-11-07,East US,Storage,328.0,404,1553.54,99.67,1.07
2024-11-07,Southeast Asia,Compute,141.0,445,835.48,99.36,1.061
2024-11-07,Central India,Storage,206.0,490,378.52,99.92,1.057
2024-11-07,West Europe,Compute,162.0,594,1146.13,99.39,0.997
2024-11-08,Southeast Asia,Storage,269.0,516,843.34,98.98,1.091
2024-11-08,West Europe,Compute,186.0,461,1354.96,99.85,1.056
2024-11-08,East US,Compute,109.0,442,686.48,99.89,0.996
2024-11-08,Central India,Compute,165.0,586,350.09,99.2,1.088
2024-11-09,Southeast Asia,Storage,263.0,366,868.82,99.3,1.036
2024-11-09,East US,Storage,386.0,415,1351.0,99.04,1.055
2024-11-09,Central India,Compute,80.0,337,412.91,98.79,1.004
2024-11-09,West Europe,Compute,322.0,355,1252.54,99.27,1.039
2024-11-10,Southeast Asia,Compute,371.0,560,1773.64,99.19,1.004
2024-11-10,Central India,Storage,124.0,413,450.88,99.21,1.041
2024-11-10,West Europe,Compute,295.0,328,785.49,99.32,1.052
2024-11-10,East US,Compute,96.0,472,336.0,99.69,0.999
2024-11-11,Southeast Asia,Compute,254.0,568,630.19,99.78,1.063
2024-11-11,Central India,Compute,337.0,548,416.5,99.94,1.085
2024-11-11,East US,Storage,177.0,602,1451.57,99.86,1.023
2024-11-11,West Europe,Storage,361.0,537,1481.55,99.6,1.005
2024-11-12,Central India,Compute,375.0,396,1674.41,99.2,1.052
2024-11-12,Southeast Asia,Compute,283.0,445,1546.63,99.88,1.011
2024-11-12,East US,Storage,274.0,491,340.8,99.41,1.005
2024-11-12,West Europe,Storage,286.0,619,409.76,98.82,1.058
2024-12-01,Central India,Storage,298.0,475,1361.92,99.42,1.011
2024-12-01,West Europe,Compute,179.0,488,1667.73,99.7,1.034
2024-12-01,East US,Compute,138.0,300,1645.12,98.97,1.007
2024-12-01,Southeast Asia,Compute,308.0,470,592.66,99.85,1.035
2024-12-02,East US,Storage,308.0,602,707.08,99.31,1.065
2024-12-02,West Europe,Storage,328.0,382,563.51,99.94,1.063
2024-12-02,Central India,Compute,171.0,300,837.54,98.94,1.057
2024-12-02,Southeast Asia,Storage,374.0,578,483.94,99.26,1.028
2024-12-03,East US,Storage,226.0,371,1771.7,99.68,1.041
2024-12-03,Central India,Storage,139.0,333,1499.64,99.15,1.011
2024-12-03,West Europe,Storage,332.0,359,570.0,99.35,1.082
2024-12-03,Southeast Asia,Storage,354.0,545,1311.33,98.99,0.984
2024-12-04,West Europe,Storage,338.0,302,1436.19,98.99,0.987
2024-12-04,Southeast Asia,Storage,319.0,312,1561.57,99.36,0.997
2024-12-04,Central India,Storage,186.0,433,1237.72,99.14,0.995
2024-12-04,East US,Compute,347.0,310,1635.45,99.2,1.068
2024-12-05,Southeast Asia,Compute,236.0,415,1623.25,99.44,1.028
2024-12-05,East US,Storage,221.0,509,677.78,99.7,1.095
2024-12-05,West Europe,Compute,150.0,503,333.23,99.35,1.013
2024-12-05,Central India,Compute,175.0,648,1426.91,99.58,1.004
2024-12-06,Central India,Storage,117.0,520,785.41,99.78,0.992
2024-12-06,East US,Storage,359.0,527,1538.51,99.6,0.99
2024-12-06,West Europe,Compute,170.0,337,1019.66,99.66,1.005
2024-12-06,Southeast Asia,Compute,147.0,527,1634.17,99.99,1.06
2024-12-07,East US,Storage,414.0,565,1590.98,99.37,1.003
2024-12-07,Central India,Storage,192.0,551,1359.32,98.74,1.081
2024-12-07,Southeast Asia,Compute,136.0,396,1546.69,98.72,1.013
2024-12-07,West Europe,Storage,345.0,312,1729.52,99.61,0.985
2024-12-08,East US,Storage,449.0,386,1127.67,99.05,0.988
2024-12-08,Central India,Storage,95.0,317,722.36,98.8,0.997
2024-12-08,Southeast Asia,Storage,80.0,489,871.66,99.49,1.055
2024-12-08,West Europe,Compute,125.0,437,1440.84,99.33,1.021
2024-12-09,Central India,Compute,96.0,621,1788.06,98.83,0.986
2024-12-09,Southeast Asia,Storage,192.0,580,500.09,99.84,1.041
2024-12-09,East US,Storage,288.0,644,1008.0,99.49,1.097
2024-12-09,West Europe,Storage,424.0,648,349.36,99.48,1.054
2024-12-10,East US,Storage,303.0,322,620.25,99.08,1.083
2024-12-10,West Europe,Compute,251.0,485,523.29,99.72,1.052
2024-12-10,Central India,Storage,230.0,408,417.07,99.51,1.031
2024-12-10,Southeast Asia,Storage,146.0,455,1678.28,99.22,1.003
2024-12-11,Central India,Storage,432.0,600,802.57,99.7,1.083
2024-12-11,East US,Compute,345.0,440,514.21,98.96,1.062
2024-12-11,West Europe,Storage,311.0,388,1654.24,99.06,1.031
2024-12-11,Southeast Asia,Compute,252.0,334,1394.26,98.97,1.025
2024-12-12,Central India,Compute,245.0,360,1070.13,98.91,1.036
2024-12-12,East US,Storage,376.0,436,1160.58,99.44,1.094
2024-12-12,West Europe,Storage,365.0,461,1529.16,99.06,1.022
2024-12-12,Southeast Asia,Storage,240.0,533,928.49,99.75,1.087
