demand_units,capacity_allocated,cost_usd,availability_pct,customer_growth_rate,year,month,day,day_of_week,is_weekend,lag_1,lag_7,rolling_mean_7,demand_spike,region_East US,region_Southeast Asia,region_West Europe,service_type_Storage
198.0,461,396.14,99.47,1.069,2023,2,10,4,0,102.0,101.0,230.92857142857142,0,0,0,0,0
108.0,450,378.0,99.45,0.989,2023,2,11,5,1,198.0,386.0,191.21428571428572,0,0,0,0,0
118.0,570,1492.21,99.59,1.006,2023,3,3,4,0,108.0,107.0,192.78571428571428,0,0,0,0,0
449.0,565,1571.5,99.08,1.098,2023,3,4,5,1,118.0,264.5,219.14285714285714,1,0,0,0,0
442.0,533,893.15,99.1,0.998,2023,3,5,6,1,449.0,258.0,245.42857142857142,1,0,0,0,0
230.0,370,1631.2,99.51,1.077,2023,3,9,3,0,442.0,301.0,235.28571428571428,0,0,0,0,0
167.0,316,584.5,99.68,1.067,2023,3,10,4,0,230.0,102.0,244.57142857142858,0,0,0,0,0
167.0,301,659.05,99.24,1.01,2023,3,12,6,1,167.0,198.0,240.14285714285714,0,0,0,0,0
384.0,461,552.51,99.02,1.081,2023,4,5,2,0,167.0,108.0,279.57142857142856,0,0,0,0,0
268.0,571,1222.88,99.68,1.042,2023,4,7,4,0,384.0,118.0,301.0,0,0,0,0,0
260.0,363,986.16,99.21,1.035,2023,4,8,5,1,268.0,449.0,274.0,0,0,0,0,0
234.0,561,1330.85,99.1,0.987,2023,4,10,0,0,260.0,442.0,244.28571428571428,0,0,0,0,0
180.0,430,1441.18,99.42,1.073,2023,5,1,0,0,234.0,230.0,237.14285714285714,0,0,0,0,0
218.0,632,1098.88,98.77,1.02,2023,5,2,1,0,180.0,167.0,244.42857142857142,0,0,0,0,0
352.0,398,1620.47,99.5,1.048,2023,5,5,4,0,218.0,167.0,270.85714285714283,0,0,0,0,0
423.0,419,1115.96,99.0,1.082,2023,5,9,1,0,352.0,384.0,276.42857142857144,1,0,0,0,0
347.0,312,1672.65,98.9,1.07,2023,5,10,2,0,423.0,268.0,287.7142857142857,0,0,0,0,0
266.0,542,541.83,99.9,1.077,2023,6,1,3,0,347.0,260.0,288.57142857142856,0,0,0,0,0
292.0,640,1022.0,99.9,1.024,2023,6,7,2,0,266.0,234.0,296.85714285714283,0,0,0,0,0
152.0,313,1439.74,99.14,1.094,2023,6,9,4,0,292.0,180.0,292.85714285714283,0,0,0,0,0
99.0,525,687.16,99.3,0.996,2023,6,10,5,1,152.0,218.0,275.85714285714283,0,0,0,0,0
427.0,534,1799.19,99.73,1.074,2023,6,11,6,1,99.0,352.0,286.57142857142856,1,0,0,0,0
216.0,617,633.16,98.85,1.021,2023,7,1,5,1,427.0,423.0,257.0,0,0,0,0,0
183.0,313,1649.5,99.51,1.045,2023,7,2,6,1,216.0,347.0,233.57142857142858,0,0,0,0,0
366.0,543,1408.6,99.06,1.014,2023,7,7,4,0,183.0,266.0,247.85714285714286,0,0,0,0,0
352.0,375,1517.71,99.14,1.032,2023,7,9,6,1,366.0,292.0,256.42857142857144,0,0,0,0,0
215.0,438,1474.74,98.92,1.041,2023,7,11,1,0,352.0,152.0,265.42857142857144,0,0,0,0,0
281.0,431,1296.68,99.61,1.001,2023,7,12,2,0,215.0,99.0,291.42857142857144,0,0,0,0,0
303.0,524,1251.53,99.58,1.044,2023,8,1,1,0,281.0,427.0,273.7142857142857,0,0,0,0,0
281.0,337,550.33,98.93,1.027,2023,8,4,4,0,303.0,216.0,283.0,0,0,0,0,0
177.0,392,619.5,98.98,1.092,2023,8,8,1,0,281.0,183.0,282.14285714285717,0,0,0,0,0
429.0,613,1232.28,98.98,1.033,2023,8,10,3,0,177.0,366.0,291.14285714285717,1,0,0,0,0
148.0,559,392.51,99.28,1.005,2023,8,11,4,0,429.0,352.0,262.0,0,0,0,0,0
338.0,447,788.94,98.98,1.065,2023,9,1,4,0,148.0,215.0,279.57142857142856,0,0,0,0,0
231.0,408,1418.89,99.97,1.005,2023,9,4,0,0,338.0,281.0,272.42857142857144,0,0,0,0,0
80.0,336,308.5,99.91,1.079,2023,9,5,1,0,231.0,303.0,240.57142857142858,0,0,0,0,0
184.0,480,674.19,99.63,1.083,2023,9,7,3,0,80.0,281.0,226.71428571428572,0,0,0,0,0
350.0,422,545.05,98.94,1.004,2023,9,8,4,0,184.0,177.0,251.42857142857142,0,0,0,0,0
354.0,396,1797.3,98.8,1.007,2023,9,10,6,1,350.0,429.0,240.71428571428572,0,0,0,0,0
214.0,521,1755.18,98.73,1.076,2023,9,11,0,0,354.0,148.0,250.14285714285714,0,0,0,0,0
139.0,301,1794.38,99.95,1.047,2023,10,1,6,1,214.0,338.0,221.71428571428572,0,0,0,0,0
143.0,549,505.63,99.65,1.056,2023,10,7,5,1,139.0,231.0,209.14285714285714,0,0,0,0,0
212.0,379,689.69,99.03,1.1,2023,10,12,3,0,143.0,80.0,228.0,0,0,0,0,0
428.0,637,1028.42,99.28,1.099,2023,11,1,2,0,212.0,184.0,262.85714285714283,1,0,0,0,0
228.0,608,802.8,99.74,0.981,2023,11,2,3,0,428.0,350.0,245.42857142857142,0,0,0,0,0
397.0,615,907.53,99.46,1.05,2023,11,3,4,0,228.0,354.0,251.57142857142858,0,0,0,0,0
237.0,568,1205.24,99.16,1.058,2023,11,5,6,1,397.0,214.0,254.85714285714286,0,0,0,0,0
140.0,491,456.68,99.44,1.036,2023,11,7,1,0,237.0,139.0,255.0,0,0,0,0,0
407.0,448,1554.8,99.61,1.091,2023,11,9,3,0,140.0,143.0,292.7142857142857,0,0,0,0,0
305.0,306,1360.84,98.95,1.024,2023,11,11,5,1,407.0,212.0,306.0,0,0,0,0,0
99.0,347,1015.72,98.87,1.008,2023,11,12,6,1,305.0,428.0,259.0,0,0,0,0,0
256.0,584,1170.88,99.52,0.982,2023,12,2,5,1,99.0,228.0,263.0,0,0,0,0,0
343.0,311,1045.04,99.07,0.996,2023,12,5,1,0,256.0,397.0,255.28571428571428,0,0,0,0,0
448.0,512,1655.34,98.8,1.079,2023,12,6,2,0,343.0,237.0,285.42857142857144,1,0,0,0,0
263.0,461,375.52,98.77,1.063,2023,12,7,3,0,448.0,140.0,303.0,0,0,0,0,0
227.0,417,1226.29,98.97,1.051,2023,12,8,4,0,263.0,407.0,277.2857142857143,0,0,0,0,0
172.0,564,437.03,99.68,1.05,2023,12,10,6,1,227.0,305.0,258.2857142857143,0,0,0,0,0
268.0,589,1116.19,99.66,1.071,2023,12,11,0,0,172.0,99.0,282.42857142857144,0,0,0,0,0
87.0,629,1656.17,98.9,1.024,2023,12,12,1,0,268.0,256.0,258.2857142857143,0,0,0,0,0
444.0,389,1642.63,99.95,1.083,2024,1,1,0,0,87.0,343.0,272.7142857142857,1,0,0,0,0
140.0,634,1520.74,99.34,1.005,2024,1,5,4,0,444.0,448.0,228.71428571428572,0,0,0,0,0
128.0,602,477.98,99.44,1.089,2024,1,6,5,1,140.0,263.0,209.42857142857142,0,0,0,0,0
149.0,459,400.2,99.92,1.098,2024,1,7,6,1,128.0,227.0,198.28571428571428,0,0,0,0,0
85.0,570,840.57,99.25,1.098,2024,1,11,3,0,149.0,172.0,185.85714285714286,0,0,0,0,0
447.0,342,1091.86,99.05,1.089,2024,1,12,4,0,85.0,268.0,211.42857142857142,1,0,0,0,0
435.0,413,1343.12,99.76,0.987,2024,2,1,3,0,447.0,87.0,261.14285714285717,1,0,0,0,0
229.0,309,1776.97,98.88,1.032,2024,2,4,6,1,435.0,444.0,230.42857142857142,0,0,0,0,0
242.0,574,1193.03,99.83,0.986,2024,2,5,0,0,229.0,140.0,245.0,0,0,0,0,0
296.0,620,1061.68,99.34,1.092,2024,2,8,3,0,242.0,128.0,269.0,0,0,0,0,0
431.0,505,1389.66,98.82,1.028,2024,2,9,4,0,296.0,149.0,309.2857142857143,1,0,0,0,0
359.0,544,1489.51,99.89,1.06,2024,3,6,2,0,431.0,85.0,348.42857142857144,0,0,0,0,0
180.0,543,1778.94,98.83,1.031,2024,3,8,4,0,359.0,447.0,310.2857142857143,0,0,0,0,0
152.0,414,1695.84,99.25,1.02,2024,3,9,5,1,180.0,435.0,269.85714285714283,0,0,0,0,0
302.0,565,671.02,99.22,1.066,2024,3,10,6,1,152.0,229.0,280.2857142857143,0,0,0,0,0
436.0,596,1056.11,99.4,1.014,2024,4,1,0,0,302.0,242.0,308.0,1,0,0,0,0
100.0,607,911.94,99.12,1.074,2024,4,2,1,0,436.0,296.0,280.0,0,0,0,0,0
324.0,608,955.17,99.37,1.015,2024,4,3,2,0,100.0,431.0,264.7142857142857,0,0,0,0,0
334.0,440,806.95,99.31,1.02,2024,4,4,3,0,324.0,359.0,261.14285714285717,0,0,0,0,0
295.0,505,384.41,99.23,1.049,2024,4,5,4,0,334.0,180.0,277.57142857142856,0,0,0,0,0
299.0,552,1534.17,99.4,1.007,2024,4,8,0,0,295.0,152.0,298.57142857142856,0,0,0,0,0
137.0,614,1227.06,99.29,1.074,2024,4,12,4,0,299.0,302.0,275.0,0,0,0,0,0
128.0,631,407.97,99.03,1.066,2024,5,1,2,0,137.0,436.0,231.0,0,0,0,0,0
251.0,626,1446.06,98.72,1.092,2024,5,3,4,0,128.0,100.0,252.57142857142858,0,0,0,0,0
291.0,371,1703.86,98.88,1.039,2024,5,10,4,0,251.0,324.0,247.85714285714286,0,0,0,0,0
199.0,379,769.74,99.44,1.058,2024,5,11,5,1,291.0,334.0,228.57142857142858,0,0,0,0,0
140.0,570,490.0,98.95,1.006,2024,6,1,5,1,199.0,295.0,206.42857142857142,0,0,0,0,0
341.0,572,1194.27,99.88,1.015,2024,6,3,0,0,140.0,299.0,212.42857142857142,0,0,0,0,0
215.0,354,1593.23,99.85,1.036,2024,6,4,1,0,341.0,137.0,223.57142857142858,0,0,0,0,0
92.0,645,926.08,99.08,1.09,2024,6,6,3,0,215.0,128.0,218.42857142857142,0,0,0,0,0
330.0,578,363.07,99.47,1.083,2024,6,8,5,1,92.0,251.0,229.71428571428572,0,0,0,0,0
182.0,643,1076.95,98.99,1.05,2024,6,9,6,1,330.0,291.0,214.14285714285714,0,0,0,0,0
216.0,546,955.94,99.64,1.062,2024,6,11,1,0,182.0,199.0,216.57142857142858,0,0,0,0,0
272.0,489,1618.32,99.11,0.995,2024,7,2,1,0,216.0,140.0,235.42857142857142,0,0,0,0,0
384.0,508,1757.1,98.81,1.088,2024,7,8,0,0,272.0,341.0,241.57142857142858,0,0,0,0,0
354.0,621,1002.09,99.0,1.051,2024,7,10,2,0,384.0,215.0,261.42857142857144,0,0,0,0,0
201.0,376,1584.56,99.1,1.027,2024,7,11,3,0,354.0,92.0,277.0,0,0,0,0,0
376.0,376,1363.77,98.96,1.005,2024,8,2,4,0,201.0,330.0,283.57142857142856,0,0,0,0,0
324.0,635,1289.07,99.15,1.06,2024,8,5,0,0,376.0,182.0,303.85714285714283,0,0,0,0,0
166.0,630,809.24,99.58,0.987,2024,8,7,2,0,324.0,216.0,296.7142857142857,0,0,0,0,0
307.0,444,1306.47,99.56,1.06,2024,8,10,5,1,166.0,272.0,301.7142857142857,0,0,0,0,0
238.0,570,1386.95,98.75,1.1,2024,8,11,6,1,307.0,384.0,280.85714285714283,0,0,0,0,0
275.0,642,1662.66,98.83,1.066,2024,9,2,0,0,238.0,354.0,269.57142857142856,0,0,0,0,0
297.0,606,1701.98,98.71,0.986,2024,9,4,2,0,275.0,201.0,283.2857142857143,0,0,0,0,0
107.0,399,1202.32,99.48,1.024,2024,9,6,4,0,297.0,376.0,244.85714285714286,0,0,0,0,0
101.0,465,814.38,98.95,1.004,2024,9,10,1,0,107.0,324.0,213.0,0,0,0,0,0
343.0,485,1150.75,99.86,1.096,2024,9,11,2,0,101.0,166.0,238.28571428571428,0,0,0,0,0
169.0,403,1176.78,99.28,1.007,2024,9,12,3,0,343.0,307.0,218.57142857142858,0,0,0,0,0
138.0,463,1043.54,99.13,0.989,2024,10,1,1,0,169.0,238.0,204.28571428571428,0,0,0,0,0
369.0,404,1496.31,99.39,1.017,2024,10,3,3,0,138.0,275.0,217.71428571428572,0,0,0,0,0
393.0,408,378.37,98.82,1.059,2024,10,5,5,1,369.0,297.0,231.42857142857142,0,0,0,0,0
447.0,425,514.08,99.1,1.048,2024,10,6,6,1,393.0,107.0,280.0,1,0,0,0,0
371.0,390,1318.07,99.31,1.088,2024,10,8,1,0,447.0,101.0,318.57142857142856,0,0,0,0,0
85.0,416,1201.0,99.33,1.003,2024,10,10,3,0,371.0,343.0,281.7142857142857,0,0,0,0,0
410.0,509,703.91,99.46,1.053,2024,11,6,2,0,85.0,169.0,316.14285714285717,0,0,0,0,0
165.0,586,350.09,99.2,1.088,2024,11,8,4,0,410.0,138.0,320.0,0,0,0,0,0
80.0,337,412.91,98.79,1.004,2024,11,9,5,1,165.0,369.0,278.7142857142857,0,0,0,0,0
337.0,548,416.5,99.94,1.085,2024,11,11,0,0,80.0,393.0,270.7142857142857,0,0,0,0,0
375.0,396,1674.41,99.2,1.052,2024,11,12,1,0,337.0,447.0,260.42857142857144,0,0,0,0,0
171.0,300,837.54,98.94,1.057,2024,12,2,0,0,375.0,371.0,231.85714285714286,0,0,0,0,0
175.0,648,1426.91,99.58,1.004,2024,12,5,3,0,171.0,85.0,244.71428571428572,0,0,0,0,0
96.0,621,1788.06,98.83,0.986,2024,12,9,0,0,175.0,410.0,199.85714285714286,0,0,0,0,0
245.0,360,1070.13,98.91,1.036,2024,12,12,3,0,96.0,165.0,211.28571428571428,0,0,0,0,0
294.0,578,776.97,99.45,1.021,2023,3,8,2,0,163.0,354.0,244.28571428571428,0,0,0,0,1
96.0,318,657.51,99.72,1.038,2023,3,11,5,1,294.0,342.0,209.14285714285714,0,0,0,0,1
208.0,435,308.28,99.75,1.065,2023,4,1,5,1,96.0,263.0,201.28571428571428,0,0,0,0,1
299.0,374,1598.26,99.75,1.011,2023,4,2,6,1,208.0,123.0,226.42857142857142,0,0,0,0,1
360.0,579,852.79,99.82,1.037,2023,4,3,0,0,299.0,399.0,220.85714285714286,0,0,0,0,1
292.0,471,596.21,99.84,1.057,2023,4,4,1,0,360.0,126.0,244.57142857142858,0,0,0,0,1
397.0,468,1406.83,99.61,1.031,2023,4,6,3,0,292.0,163.0,278.0,0,0,0,0,1
135.0,507,1344.12,99.17,1.079,2023,4,9,6,1,397.0,294.0,255.28571428571428,0,0,0,0,1
352.0,587,665.2,99.29,1.071,2023,4,11,1,0,135.0,96.0,291.85714285714283,0,0,0,0,1
282.0,323,1545.95,99.44,1.053,2023,4,12,2,0,352.0,208.0,302.42857142857144,0,0,0,0,1
419.0,527,1137.62,98.99,0.999,2023,5,3,2,0,282.0,299.0,319.57142857142856,1,0,0,0,1
314.0,644,1706.08,98.76,1.0,2023,5,4,3,0,419.0,360.0,313.0,0,0,0,0,1
227.0,407,987.03,98.82,1.046,2023,5,6,5,1,314.0,292.0,303.7142857142857,0,0,0,0,1
259.0,612,957.27,99.78,0.999,2023,5,7,6,1,227.0,397.0,284.0,0,0,0,0,1
257.0,488,899.5,99.15,1.076,2023,5,8,0,0,259.0,135.0,301.42857142857144,0,0,0,0,1
110.0,614,1658.87,98.86,1.001,2023,5,11,3,0,257.0,352.0,266.85714285714283,0,0,0,0,1
367.0,325,1292.79,99.16,1.077,2023,5,12,4,0,110.0,282.0,279.0,0,0,0,0,1
216.0,375,868.84,99.9,1.067,2023,6,2,4,0,367.0,419.0,250.0,0,0,0,0,1
258.0,387,518.88,98.83,1.049,2023,6,3,5,1,216.0,314.0,242.0,0,0,0,0,1
308.0,410,541.27,99.42,1.077,2023,6,4,6,1,258.0,227.0,253.57142857142858,0,0,0,0,1
84.0,483,713.65,99.83,1.093,2023,6,5,0,0,308.0,259.0,228.57142857142858,0,0,0,0,1
127.0,547,1181.38,99.6,1.062,2023,6,6,1,0,84.0,257.0,210.0,0,0,0,0,1
187.0,567,1542.98,99.71,1.013,2023,6,8,3,0,127.0,110.0,221.0,0,0,0,0,1
441.0,598,318.87,98.9,1.065,2023,6,12,0,0,187.0,367.0,231.57142857142858,1,0,0,0,1
201.0,442,600.23,98.92,0.993,2023,7,3,0,0,441.0,216.0,229.42857142857142,0,0,0,0,1
133.0,311,1418.6,98.96,1.095,2023,7,4,1,0,201.0,258.0,211.57142857142858,0,0,0,0,1
298.0,381,965.18,99.48,1.051,2023,7,5,2,0,133.0,308.0,210.14285714285714,0,0,0,0,1
420.0,426,1510.78,99.81,1.078,2023,7,6,3,0,298.0,84.0,258.14285714285717,1,0,0,0,1
429.0,454,812.77,99.83,0.982,2023,7,8,5,1,420.0,127.0,301.2857142857143,1,0,0,0,1
245.0,592,952.52,99.08,1.045,2023,7,10,0,0,429.0,187.0,309.57142857142856,0,0,0,0,1
310.0,456,527.51,99.1,1.01,2023,8,2,2,0,245.0,441.0,290.85714285714283,0,0,0,0,1
393.0,321,978.48,99.53,1.043,2023,8,3,3,0,310.0,201.0,318.2857142857143,0,0,0,0,1
101.0,648,345.82,99.82,1.043,2023,8,5,5,1,393.0,133.0,313.7142857142857,0,0,0,0,1
375.0,502,988.41,99.65,1.053,2023,8,6,6,1,101.0,298.0,324.7142857142857,0,0,0,0,1
449.0,436,659.98,99.62,1.013,2023,8,7,0,0,375.0,420.0,328.85714285714283,1,0,0,0,1
150.0,532,628.69,98.85,1.052,2023,8,9,2,0,449.0,429.0,289.0,0,0,0,0,1
315.0,580,563.37,98.93,1.09,2023,8,12,5,1,150.0,245.0,299.0,0,0,0,0,1
252.0,429,318.3,99.47,1.048,2023,9,2,5,1,315.0,310.0,290.7142857142857,0,0,0,0,1
116.0,611,1762.19,99.54,1.004,2023,9,3,6,1,252.0,393.0,251.14285714285714,0,0,0,0,1
288.0,372,609.33,99.73,1.02,2023,9,6,2,0,116.0,101.0,277.85714285714283,0,0,0,0,1
145.0,533,1765.93,99.01,1.06,2023,9,9,5,1,288.0,375.0,245.0,0,0,0,0,1
283.0,606,730.89,99.65,1.034,2023,9,12,1,0,145.0,449.0,221.28571428571428,0,0,0,0,1
250.0,623,1485.13,98.73,1.058,2023,10,2,0,0,283.0,150.0,235.57142857142858,0,0,0,0,1
307.0,365,1196.59,99.72,1.059,2023,10,3,1,0,250.0,315.0,234.42857142857142,0,0,0,0,1
126.0,497,1786.69,99.66,1.069,2023,10,4,2,0,307.0,252.0,216.42857142857142,0,0,0,0,1
95.0,365,415.29,99.35,1.075,2023,10,5,3,0,126.0,116.0,213.42857142857142,0,0,0,0,1
218.0,485,332.87,99.09,1.04,2023,10,6,4,0,95.0,288.0,203.42857142857142,0,0,0,0,1
412.0,626,447.01,98.76,1.002,2023,10,8,6,1,218.0,145.0,241.57142857142858,1,0,0,0,1
202.0,545,1195.97,99.21,1.037,2023,10,9,0,0,412.0,283.0,230.0,0,0,0,0,1
205.0,368,1587.5,99.3,1.074,2023,10,10,1,0,202.0,250.0,223.57142857142858,0,0,0,0,1
278.0,461,1082.57,99.04,1.072,2023,10,11,2,0,205.0,307.0,219.42857142857142,0,0,0,0,1
128.0,373,1706.03,99.61,1.056,2023,11,4,5,1,278.0,126.0,219.71428571428572,0,0,0,0,1
162.0,590,1508.77,98.71,1.091,2023,11,6,0,0,128.0,95.0,229.28571428571428,0,0,0,0,1
220.0,342,1132.1,98.8,0.981,2023,11,8,2,0,162.0,218.0,229.57142857142858,0,0,0,0,1
338.0,346,1636.25,99.28,1.035,2023,11,10,4,0,220.0,412.0,219.0,0,0,0,0,1
362.0,326,1492.22,99.35,1.049,2023,12,1,4,0,338.0,202.0,241.85714285714286,0,0,0,0,1
172.0,565,1304.09,98.89,1.034,2023,12,3,6,1,362.0,205.0,237.14285714285714,0,0,0,0,1
299.0,462,713.42,99.72,1.097,2023,12,4,0,0,172.0,278.0,240.14285714285714,0,0,0,0,1
164.0,513,1647.53,99.45,0.995,2023,12,9,5,1,299.0,128.0,245.28571428571428,0,0,0,0,1
285.0,404,1152.48,99.27,0.988,2024,1,2,1,0,164.0,162.0,262.85714285714283,0,0,0,0,1
116.0,352,399.71,98.7,1.043,2024,1,3,2,0,285.0,220.0,248.0,0,0,0,0,1
189.0,437,708.84,99.82,1.038,2024,1,4,3,0,116.0,338.0,226.71428571428572,0,0,0,0,1
342.0,628,863.56,99.68,1.044,2024,1,8,0,0,189.0,362.0,223.85714285714286,0,0,0,0,1
95.0,426,1509.84,99.08,1.041,2024,1,9,1,0,342.0,172.0,212.85714285714286,0,0,0,0,1
165.0,644,1359.18,99.97,1.043,2024,1,10,2,0,95.0,299.0,193.71428571428572,0,0,0,0,1
440.0,406,914.08,99.07,0.982,2024,2,2,4,0,165.0,164.0,233.14285714285714,1,0,0,0,1
247.0,350,1346.96,98.7,1.085,2024,2,3,5,1,440.0,285.0,227.71428571428572,0,0,0,0,1
355.0,479,874.19,99.46,1.058,2024,2,6,1,0,247.0,116.0,261.85714285714283,0,0,0,0,1
83.0,317,911.99,98.84,1.078,2024,2,7,2,0,355.0,189.0,246.71428571428572,0,0,0,0,1
302.0,580,1516.0,99.23,1.07,2024,2,10,5,1,83.0,342.0,241.0,0,0,0,0,1
385.0,375,1743.42,99.0,0.992,2024,2,11,6,1,302.0,95.0,282.42857142857144,0,0,0,0,1
266.0,526,352.11,99.3,1.028,2024,2,12,0,0,385.0,165.0,296.85714285714283,0,0,0,0,1
277.0,504,790.16,99.66,0.99,2024,3,1,4,0,266.0,440.0,273.57142857142856,0,0,0,0,1
83.0,543,923.98,99.66,0.991,2024,3,2,5,1,277.0,247.0,250.14285714285714,0,0,0,0,1
304.0,441,1588.01,98.85,1.074,2024,3,3,6,1,83.0,355.0,242.85714285714286,0,0,0,0,1
141.0,345,601.76,99.89,1.082,2024,3,4,0,0,304.0,83.0,251.14285714285714,0,0,0,0,1
273.0,448,924.52,99.77,1.098,2024,3,5,1,0,141.0,302.0,247.0,0,0,0,0,1
407.0,428,1498.61,99.37,1.046,2024,3,7,3,0,273.0,385.0,250.14285714285714,1,0,0,0,1
309.0,564,1420.16,99.12,1.06,2024,3,11,0,0,407.0,266.0,256.2857142857143,0,0,0,0,1
191.0,347,1533.34,99.89,1.075,2024,3,12,1,0,309.0,277.0,244.0,0,0,0,0,1
299.0,597,1468.64,99.63,1.04,2024,4,6,5,1,191.0,83.0,274.85714285714283,0,0,0,0,1
357.0,461,990.51,98.85,1.061,2024,4,7,6,1,299.0,304.0,282.42857142857144,0,0,0,0,1
103.0,557,1511.33,98.77,0.988,2024,4,9,1,0,357.0,141.0,277.0,0,0,0,0,1
324.0,549,634.18,98.87,1.033,2024,4,10,2,0,103.0,273.0,284.2857142857143,0,0,0,0,1
203.0,568,1652.21,98.93,1.022,2024,4,11,3,0,324.0,407.0,255.14285714285714,0,0,0,0,1
422.0,534,1265.36,98.84,1.032,2024,5,2,3,0,203.0,309.0,271.2857142857143,1,0,0,0,1
229.0,461,1164.61,99.72,1.019,2024,5,4,5,1,422.0,191.0,276.7142857142857,0,0,0,0,1
92.0,302,975.87,99.07,1.016,2024,5,5,6,1,229.0,299.0,247.14285714285714,0,0,0,0,1
166.0,566,1286.35,99.84,1.049,2024,5,6,0,0,92.0,357.0,219.85714285714286,0,0,0,0,1
227.0,471,1433.88,99.53,1.008,2024,5,7,1,0,166.0,103.0,237.57142857142858,0,0,0,0,1
388.0,456,740.51,99.24,1.074,2024,5,8,2,0,227.0,324.0,246.71428571428572,0,0,0,0,1
215.0,606,1330.43,99.07,1.082,2024,5,9,3,0,388.0,203.0,248.42857142857142,0,0,0,0,1
261.0,411,1304.91,98.72,1.005,2024,5,12,6,1,215.0,422.0,225.42857142857142,0,0,0,0,1
359.0,450,1144.88,99.54,1.005,2024,6,2,6,1,261.0,229.0,244.0,0,0,0,0,1
125.0,631,976.36,99.15,1.047,2024,6,5,2,0,359.0,92.0,248.71428571428572,0,0,0,0,1
339.0,304,540.56,99.54,1.092,2024,6,7,4,0,125.0,166.0,273.42857142857144,0,0,0,0,1
160.0,550,408.47,99.66,1.065,2024,6,10,0,0,339.0,227.0,263.85714285714283,0,0,0,0,1
169.0,531,1083.42,99.37,1.063,2024,6,12,2,0,160.0,388.0,232.57142857142858,0,0,0,0,1
389.0,418,1033.98,99.36,1.012,2024,7,1,0,0,169.0,215.0,257.42857142857144,0,0,0,0,1
87.0,303,887.51,99.5,1.096,2024,7,3,2,0,389.0,261.0,232.57142857142858,0,0,0,0,1
383.0,584,839.82,99.91,1.044,2024,7,4,3,0,87.0,359.0,236.0,0,0,0,0,1
189.0,496,1749.27,99.76,1.005,2024,7,5,4,0,383.0,125.0,245.14285714285714,0,0,0,0,1
272.0,543,1608.7,99.62,1.05,2024,7,6,5,1,189.0,339.0,235.57142857142858,0,0,0,0,1
412.0,447,622.13,99.78,1.03,2024,7,7,6,1,272.0,160.0,271.57142857142856,1,0,0,0,1
161.0,357,562.76,99.31,1.058,2024,7,9,1,0,412.0,169.0,270.42857142857144,0,0,0,0,1
217.0,603,1402.49,98.78,1.069,2024,7,12,4,0,161.0,389.0,245.85714285714286,0,0,0,0,1
435.0,621,1020.2,99.18,1.039,2024,8,1,3,0,217.0,87.0,295.57142857142856,1,0,0,0,1
222.0,520,443.54,99.88,0.991,2024,8,3,5,1,435.0,383.0,272.57142857142856,0,0,0,0,1
126.0,560,777.38,99.01,1.047,2024,8,4,6,1,222.0,189.0,263.57142857142856,0,0,0,0,1
157.0,645,312.05,99.33,1.044,2024,8,6,1,0,126.0,272.0,247.14285714285714,0,0,0,0,1
341.0,581,1729.77,98.93,1.067,2024,8,8,3,0,157.0,412.0,237.0,0,0,0,0,1
449.0,588,1719.75,99.02,1.076,2024,8,9,4,0,341.0,161.0,278.14285714285717,1,0,0,0,1
276.0,573,1676.45,98.8,1.031,2024,8,12,0,0,449.0,217.0,286.57142857142856,0,0,0,0,1
321.0,502,724.33,99.85,0.983,2024,9,1,6,1,276.0,435.0,270.2857142857143,0,0,0,0,1
339.0,496,771.87,98.96,1.094,2024,9,3,1,0,321.0,222.0,287.0,0,0,0,0,1
198.0,340,1398.46,99.16,1.078,2024,9,5,3,0,339.0,126.0,297.2857142857143,0,0,0,0,1
206.0,374,1637.18,98.91,0.998,2024,9,7,5,1,198.0,157.0,304.2857142857143,0,0,0,0,1
338.0,570,1632.01,99.74,1.042,2024,9,8,6,1,206.0,341.0,303.85714285714283,0,0,0,0,1
164.0,513,1124.98,99.23,0.989,2024,9,9,0,0,338.0,449.0,263.14285714285717,0,0,0,0,1
279.0,330,708.0,99.63,1.005,2024,10,2,2,0,164.0,276.0,263.57142857142856,0,0,0,0,1
234.0,547,1408.17,99.94,1.061,2024,10,4,4,0,279.0,321.0,251.14285714285714,0,0,0,0,1
174.0,595,1659.15,98.87,1.049,2024,10,7,0,0,234.0,339.0,227.57142857142858,0,0,0,0,1
314.0,435,1053.85,98.93,1.059,2024,10,9,2,0,174.0,198.0,244.14285714285714,0,0,0,0,1
98.0,629,1455.62,99.18,1.068,2024,10,11,4,0,314.0,206.0,228.71428571428572,0,0,0,0,1
279.0,330,1739.9,99.19,0.981,2024,10,12,5,1,98.0,338.0,220.28571428571428,0,0,0,0,1
130.0,480,455.0,98.83,1.017,2024,11,1,4,0,279.0,164.0,215.42857142857142,0,0,0,0,1
161.0,643,1582.66,99.15,1.097,2024,11,2,5,1,130.0,279.0,198.57142857142858,0,0,0,0,1
296.0,619,1245.95,98.8,1.039,2024,11,3,6,1,161.0,234.0,207.42857142857142,0,0,0,0,1
191.0,323,977.13,99.02,1.075,2024,11,4,0,0,296.0,174.0,209.85714285714286,0,0,0,0,1
231.0,431,999.59,99.09,1.032,2024,11,5,1,0,191.0,314.0,198.0,0,0,0,0,1
206.0,490,378.52,99.92,1.057,2024,11,7,3,0,231.0,98.0,213.42857142857142,0,0,0,0,1
124.0,413,450.88,99.21,1.041,2024,11,10,6,1,206.0,279.0,191.28571428571428,0,0,0,0,1
298.0,475,1361.92,99.42,1.011,2024,12,1,6,1,124.0,130.0,215.28571428571428,0,0,0,0,1
139.0,333,1499.64,99.15,1.011,2024,12,3,1,0,298.0,161.0,212.14285714285714,0,0,0,0,1
186.0,433,1237.72,99.14,0.995,2024,12,4,2,0,139.0,296.0,196.42857142857142,0,0,0,0,1
117.0,520,785.41,99.78,0.992,2024,12,6,4,0,186.0,191.0,185.85714285714286,0,0,0,0,1
192.0,551,1359.32,98.74,1.081,2024,12,7,5,1,117.0,231.0,180.28571428571428,0,0,0,0,1
95.0,317,722.36,98.8,0.997,2024,12,8,6,1,192.0,206.0,164.42857142857142,0,0,0,0,1
230.0,408,417.07,99.51,1.031,2024,12,10,1,0,95.0,124.0,179.57142857142858,0,0,0,0,1
432.0,600,802.57,99.7,1.083,2024,12,11,2,0,230.0,298.0,198.71428571428572,1,0,0,0,1
398.0,624,653.52,99.62,1.085,2023,2,11,5,1,160.0,299.0,247.57142857142858,0,1,0,0,0
312.0,408,1019.37,99.45,1.068,2023,3,2,3,0,398.0,200.0,263.57142857142856,0,1,0,0,0
84.0,356,1616.98,99.48,1.01,2023,3,6,0,0,312.0,138.0,255.85714285714286,0,1,0,0,0
335.0,486,806.22,99.64,1.049,2023,3,7,1,0,84.0,303.0,260.42857142857144,0,1,0,0,0
82.0,513,1315.72,98.85,0.988,2023,3,10,4,0,335.0,188.0,245.28571428571428,0,1,0,0,0
213.0,495,1792.29,99.4,0.991,2023,4,5,2,0,82.0,346.0,226.28571428571428,0,1,0,0,0
137.0,627,1681.11,98.75,1.015,2023,4,7,4,0,213.0,160.0,223.0,0,1,0,0,0
338.0,623,662.49,98.79,1.018,2023,4,10,0,0,137.0,398.0,214.42857142857142,0,1,0,0,0
292.0,447,1493.95,99.09,0.989,2023,4,12,2,0,338.0,312.0,211.57142857142858,0,1,0,0,0
407.0,567,796.35,98.78,1.017,2023,5,1,0,0,292.0,84.0,257.7142857142857,0,1,0,0,0
97.0,448,1432.56,99.29,1.081,2023,5,4,3,0,407.0,335.0,223.71428571428572,0,1,0,0,0
300.5,301,731.19,99.55,1.096,2023,5,6,5,1,97.0,82.0,254.92857142857142,0,1,0,0,0
250.0,393,606.67,99.14,1.041,2023,5,7,6,1,300.5,213.0,260.2142857142857,0,1,0,0,0
385.0,529,1602.25,99.08,1.0,2023,5,8,0,0,250.0,137.0,295.64285714285717,0,1,0,0,0
92.0,570,599.02,99.23,0.989,2023,5,9,1,0,385.0,338.0,260.5,0,1,0,0,0
101.0,406,1517.44,99.08,1.034,2023,5,10,2,0,92.0,292.0,233.21428571428572,0,1,0,0,0
134.0,556,1717.96,99.88,1.05,2023,5,11,3,0,101.0,407.0,194.21428571428572,0,1,0,0,0
242.0,598,1075.51,99.38,1.028,2023,5,12,4,0,134.0,97.0,214.92857142857142,0,1,0,0,0
431.0,530,1013.06,99.43,1.063,2023,6,1,3,0,242.0,300.5,233.57142857142858,1,1,0,0,0
398.0,400,304.07,98.85,1.037,2023,6,2,4,0,431.0,250.0,254.71428571428572,0,1,0,0,0
353.0,619,893.32,99.96,1.067,2023,6,3,5,1,398.0,385.0,250.14285714285714,0,1,0,0,0
243.0,446,498.56,99.46,1.052,2023,6,5,0,0,353.0,92.0,271.7142857142857,0,1,0,0,0
151.0,454,560.24,99.19,1.076,2023,6,7,2,0,243.0,101.0,278.85714285714283,0,1,0,0,0
207.0,647,834.45,99.87,1.013,2023,7,1,5,1,151.0,134.0,289.2857142857143,0,1,0,0,0
262.0,549,1037.13,99.37,1.048,2023,7,5,2,0,207.0,242.0,292.14285714285717,0,1,0,0,0
217.0,372,1559.7,98.94,1.061,2023,7,6,3,0,262.0,431.0,261.57142857142856,0,1,0,0,0
204.0,636,1162.61,99.71,0.982,2023,7,12,2,0,217.0,398.0,233.85714285714286,0,1,0,0,0
131.0,567,677.67,99.34,1.016,2023,8,1,1,0,204.0,353.0,202.14285714285714,0,1,0,0,0
183.0,403,1236.36,98.85,1.093,2023,8,2,2,0,131.0,243.0,193.57142857142858,0,1,0,0,0
180.0,485,852.46,99.28,1.067,2023,8,4,4,0,183.0,151.0,197.71428571428572,0,1,0,0,0
292.0,524,1639.64,98.78,1.086,2023,8,5,5,1,180.0,207.0,209.85714285714286,0,1,0,0,0
251.0,573,1199.19,99.86,1.026,2023,8,8,1,0,292.0,262.0,208.28571428571428,0,1,0,0,0
204.0,620,1623.31,99.26,1.07,2023,8,12,5,1,251.0,217.0,206.42857142857142,0,1,0,0,0
334.0,593,851.67,99.52,1.056,2023,9,1,4,0,204.0,204.0,225.0,0,1,0,0,0
354.0,463,1699.07,99.4,1.004,2023,9,6,2,0,334.0,131.0,256.85714285714283,0,1,0,0,0
303.0,519,321.5,99.32,0.983,2023,9,8,4,0,354.0,183.0,274.0,0,1,0,0,0
81.0,407,1012.65,99.86,1.043,2023,9,9,5,1,303.0,180.0,259.85714285714283,0,1,0,0,0
303.0,453,1060.5,99.44,1.092,2023,9,10,6,1,81.0,292.0,261.42857142857144,0,1,0,0,0
103.0,592,818.9,99.18,1.099,2023,10,3,1,0,303.0,251.0,240.28571428571428,0,1,0,0,0
225.0,618,630.92,99.47,1.068,2023,10,4,2,0,103.0,204.0,243.28571428571428,0,1,0,0,0
369.0,559,910.66,98.79,1.022,2023,10,5,3,0,225.0,334.0,248.28571428571428,0,1,0,0,0
325.0,388,1394.57,99.91,1.052,2023,10,7,5,1,369.0,354.0,244.14285714285714,0,1,0,0,0
87.0,421,517.99,99.35,0.987,2023,10,8,6,1,325.0,303.0,213.28571428571428,0,1,0,0,0
267.0,616,900.04,99.7,1.093,2023,10,12,3,0,87.0,81.0,239.85714285714286,0,1,0,0,0
304.0,581,1373.74,99.87,1.002,2023,11,3,4,0,267.0,303.0,240.0,0,1,0,0,0
369.0,594,901.96,99.08,0.998,2023,11,5,6,1,304.0,103.0,278.0,0,1,0,0,0
321.0,420,690.35,98.91,0.999,2023,11,6,0,0,369.0,225.0,291.7142857142857,0,1,0,0,0
97.0,448,1531.47,99.43,1.059,2023,11,7,1,0,321.0,369.0,252.85714285714286,0,1,0,0,0
385.0,311,1776.05,99.73,1.071,2023,11,8,2,0,97.0,325.0,261.42857142857144,0,1,0,0,0
148.0,310,518.0,99.77,1.069,2023,11,9,3,0,385.0,87.0,270.14285714285717,0,1,0,0,0
289.0,646,978.33,98.99,1.034,2023,12,2,5,1,148.0,267.0,273.2857142857143,0,1,0,0,0
86.0,529,1667.01,99.41,1.001,2023,12,11,0,0,289.0,304.0,242.14285714285714,0,1,0,0,0
375.0,305,521.18,99.49,1.048,2024,1,1,0,0,86.0,369.0,243.0,0,1,0,0,0
379.0,420,888.57,99.22,0.995,2024,1,2,1,0,375.0,321.0,251.28571428571428,0,1,0,0,0
445.0,585,1046.63,99.14,1.009,2024,1,5,4,0,379.0,97.0,301.0,1,1,0,0,0
408.0,360,865.28,99.61,1.061,2024,1,7,6,1,445.0,385.0,304.2857142857143,0,1,0,0,0
310.0,553,1634.95,99.79,1.016,2024,1,8,0,0,408.0,148.0,327.42857142857144,0,1,0,0,0
134.0,313,1583.0,99.57,1.0,2024,1,11,3,0,310.0,289.0,305.2857142857143,0,1,0,0,0
203.0,309,1115.82,99.14,1.037,2024,2,1,3,0,134.0,86.0,322.0,0,1,0,0,0
380.0,463,477.54,99.53,1.01,2024,2,2,4,0,203.0,375.0,322.7142857142857,0,1,0,0,0
191.0,552,362.25,99.06,1.009,2024,2,4,6,1,380.0,379.0,295.85714285714283,0,1,0,0,0
416.0,361,735.72,98.91,1.091,2024,2,5,0,0,191.0,445.0,291.7142857142857,0,1,0,0,0
102.0,405,1387.64,99.94,1.011,2024,2,6,1,0,416.0,408.0,248.0,0,1,0,0,0
198.0,467,450.32,99.57,0.981,2024,2,8,3,0,102.0,310.0,232.0,0,1,0,0,0
94.0,336,1615.27,99.4,1.009,2024,2,9,4,0,198.0,134.0,226.28571428571428,0,1,0,0,0
121.0,450,1575.06,99.48,0.997,2024,2,11,6,1,94.0,203.0,214.57142857142858,0,1,0,0,0
385.0,373,892.42,99.03,1.098,2024,3,1,4,0,121.0,380.0,215.28571428571428,0,1,0,0,0
146.0,558,1677.39,99.48,1.076,2024,3,5,1,0,385.0,191.0,208.85714285714286,0,1,0,0,0
185.0,599,804.62,99.64,1.041,2024,3,6,2,0,146.0,416.0,175.85714285714286,0,1,0,0,0
354.0,569,599.47,98.78,1.095,2024,3,7,3,0,185.0,102.0,211.85714285714286,0,1,0,0,0
288.0,617,1131.29,99.61,1.03,2024,3,8,4,0,354.0,198.0,224.71428571428572,0,1,0,0,0
438.0,489,1533.0,99.67,1.041,2024,3,9,5,1,288.0,94.0,273.85714285714283,1,1,0,0,0
356.0,619,1246.0,99.21,1.002,2024,3,10,6,1,438.0,121.0,307.42857142857144,0,1,0,0,0
196.0,579,1144.03,99.92,1.003,2024,4,5,4,0,356.0,385.0,280.42857142857144,0,1,0,0,0
406.0,315,1303.62,99.92,1.079,2024,4,6,5,1,196.0,146.0,317.57142857142856,0,1,0,0,0
129.0,488,862.45,99.51,1.075,2024,4,7,6,1,406.0,185.0,309.57142857142856,0,1,0,0,0
111.0,436,718.98,99.9,1.062,2024,4,8,0,0,129.0,354.0,274.85714285714283,0,1,0,0,0
230.0,567,1385.98,99.55,1.033,2024,4,9,1,0,111.0,288.0,266.57142857142856,0,1,0,0,0
108.0,419,454.53,98.79,0.991,2024,4,10,2,0,230.0,438.0,219.42857142857142,0,1,0,0,0
247.0,333,1086.43,99.23,1.017,2024,4,12,4,0,108.0,356.0,203.85714285714286,0,1,0,0,0
360.0,556,541.07,99.96,0.999,2024,5,1,2,0,247.0,196.0,227.28571428571428,0,1,0,0,0
294.0,391,1038.32,99.84,1.03,2024,5,2,3,0,360.0,406.0,211.28571428571428,0,1,0,0,0
214.0,631,1416.51,99.65,1.01,2024,5,7,1,0,294.0,129.0,223.42857142857142,0,1,0,0,0
189.0,570,940.8,99.46,1.068,2024,5,10,4,0,214.0,111.0,234.57142857142858,0,1,0,0,0
227.0,529,1302.76,99.95,1.053,2024,6,1,5,1,189.0,230.0,234.14285714285714,0,1,0,0,0
247.0,441,1392.28,99.12,1.097,2024,6,2,6,1,227.0,108.0,254.0,0,1,0,0,0
342.0,449,1793.41,98.8,1.037,2024,6,9,6,1,247.0,247.0,267.57142857142856,0,1,0,0,0
129.0,302,1495.89,99.29,1.019,2024,6,10,0,0,342.0,360.0,234.57142857142858,0,1,0,0,0
316.0,526,1077.74,99.15,1.008,2024,7,1,0,0,129.0,294.0,237.71428571428572,0,1,0,0,0
337.0,463,557.1,98.8,1.063,2024,7,2,1,0,316.0,214.0,255.28571428571428,0,1,0,0,0
425.0,547,1708.66,99.02,1.044,2024,7,4,3,0,337.0,189.0,289.0,1,1,0,0,0
192.0,527,1363.08,99.35,1.076,2024,7,8,0,0,425.0,227.0,284.0,0,1,0,0,0
110.0,416,1517.18,99.77,1.048,2024,7,10,2,0,192.0,247.0,264.42857142857144,0,1,0,0,0
306.0,368,1437.61,99.13,1.025,2024,7,12,4,0,110.0,342.0,259.2857142857143,0,1,0,0,0
211.0,635,1116.69,98.92,1.071,2024,8,1,3,0,306.0,129.0,271.0,0,1,0,0,0
290.0,453,651.01,98.81,1.011,2024,8,2,4,0,211.0,316.0,267.2857142857143,0,1,0,0,0
403.0,352,1006.14,99.83,1.05,2024,8,3,5,1,290.0,337.0,276.7142857142857,0,1,0,0,0
308.0,424,1551.2,99.71,1.002,2024,8,4,6,1,403.0,425.0,260.0,0,1,0,0,0
207.0,331,1753.88,98.77,1.051,2024,8,7,2,0,308.0,192.0,262.14285714285717,0,1,0,0,0
137.0,444,1117.86,99.37,0.991,2024,8,10,5,1,207.0,110.0,266.0,0,1,0,0,0
433.0,339,1318.6,99.68,1.032,2024,8,12,0,0,137.0,306.0,284.14285714285717,1,1,0,0,0
392.0,636,418.05,99.38,1.028,2024,9,1,6,1,433.0,211.0,310.0,0,1,0,0,0
140.0,563,1557.93,99.54,1.007,2024,9,2,0,0,392.0,290.0,288.57142857142856,0,1,0,0,0
186.0,627,706.44,99.07,1.013,2024,9,4,2,0,140.0,403.0,257.57142857142856,0,1,0,0,0
291.0,391,348.94,99.92,1.091,2024,9,7,5,1,186.0,308.0,255.14285714285714,0,1,0,0,0
196.0,639,483.43,99.79,1.03,2024,9,8,6,1,291.0,207.0,253.57142857142858,0,1,0,0,0
303.0,423,714.93,99.96,1.011,2024,9,10,1,0,196.0,137.0,277.2857142857143,0,1,0,0,0
206.0,520,412.17,99.88,1.069,2024,9,12,3,0,303.0,433.0,244.85714285714286,0,1,0,0,0
354.0,636,1642.55,99.58,1.01,2024,10,1,1,0,206.0,392.0,239.42857142857142,0,1,0,0,0
417.0,407,1459.5,98.78,1.012,2024,10,3,3,0,354.0,140.0,279.0,0,1,0,0,0
369.0,612,577.81,99.58,1.044,2024,10,5,5,1,417.0,186.0,305.14285714285717,0,1,0,0,0
93.0,493,1069.6,99.75,1.073,2024,10,6,6,1,369.0,291.0,276.85714285714283,0,1,0,0,0
175.0,421,972.19,99.91,1.068,2024,10,7,0,0,93.0,196.0,273.85714285714283,0,1,0,0,0
131.0,313,1043.29,99.35,0.983,2024,10,8,1,0,175.0,303.0,249.28571428571428,0,1,0,0,0
406.0,484,650.09,99.91,1.051,2024,10,9,2,0,131.0,206.0,277.85714285714283,0,1,0,0,0
355.0,450,675.56,99.4,1.076,2024,10,10,3,0,406.0,354.0,278.0,0,1,0,0,0
96.0,440,1211.03,98.94,1.055,2024,10,11,4,0,355.0,417.0,232.14285714285714,0,1,0,0,0
293.0,445,1484.57,98.95,1.052,2024,10,12,5,1,96.0,369.0,221.28571428571428,0,1,0,0,0
410.0,464,399.44,99.17,1.028,2024,11,3,6,1,293.0,93.0,266.57142857142856,0,1,0,0,0
448.0,409,1051.68,99.59,1.075,2024,11,4,0,0,410.0,175.0,305.57142857142856,1,1,0,0,0
109.0,442,686.48,99.89,0.996,2024,11,8,4,0,448.0,131.0,302.42857142857144,0,1,0,0,0
96.0,472,336.0,99.69,0.999,2024,11,10,6,1,109.0,406.0,258.14285714285717,0,1,0,0,0
138.0,300,1645.12,98.97,1.007,2024,12,1,6,1,96.0,355.0,227.14285714285714,0,1,0,0,0
347.0,310,1635.45,99.2,1.068,2024,12,4,2,0,138.0,96.0,263.0,0,1,0,0,0
345.0,440,514.21,98.96,1.062,2024,12,11,2,0,347.0,293.0,270.42857142857144,0,1,0,0,0
195.0,503,1139.53,98.84,1.0,2023,3,5,6,1,439.0,174.0,306.2857142857143,0,1,0,0,1
287.0,568,1449.79,99.61,1.02,2023,3,8,2,0,195.0,425.0,286.57142857142856,0,1,0,0,1
176.0,635,1771.89,99.19,1.073,2023,3,9,3,0,287.0,438.0,249.14285714285714,0,1,0,0,1
354.0,480,1039.47,99.31,1.039,2023,3,11,5,1,176.0,115.0,283.2857142857143,0,1,0,0,1
398.0,502,915.9,99.86,1.088,2023,3,12,6,1,354.0,446.0,276.42857142857144,0,1,0,0,1
446.0,352,1180.13,99.95,1.053,2023,4,1,5,1,398.0,86.0,327.85714285714283,1,1,0,0,1
410.0,617,1508.8,98.77,1.081,2023,4,2,6,1,446.0,439.0,323.7142857142857,0,1,0,0,1
171.0,320,1664.29,99.81,1.096,2023,4,3,0,0,410.0,195.0,320.2857142857143,0,1,0,0,1
90.0,309,807.4,99.9,1.007,2023,4,4,1,0,171.0,287.0,292.14285714285717,0,1,0,0,1
108.0,579,714.48,99.26,1.098,2023,4,6,3,0,90.0,176.0,282.42857142857144,0,1,0,0,1
427.0,572,459.51,98.85,1.093,2023,4,8,5,1,108.0,354.0,292.85714285714283,0,1,0,0,1
150.0,389,1194.7,99.75,1.026,2023,4,9,6,1,427.0,398.0,257.42857142857144,0,1,0,0,1
332.0,521,760.63,98.75,1.019,2023,4,11,1,0,150.0,446.0,241.14285714285714,0,1,0,0,1
212.0,625,1751.99,99.62,1.004,2023,5,2,1,0,332.0,410.0,212.85714285714286,0,1,0,0,1
278.0,648,496.87,98.74,1.091,2023,5,3,2,0,212.0,171.0,228.14285714285714,0,1,0,0,1
100.0,599,1546.03,99.4,1.0,2023,5,5,4,0,278.0,90.0,229.57142857142858,0,1,0,0,1
357.0,470,1437.28,99.66,1.053,2023,6,4,6,1,100.0,108.0,265.14285714285717,0,1,0,0,1
127.0,625,769.36,99.05,1.052,2023,6,6,1,0,357.0,427.0,222.28571428571428,0,1,0,0,1
95.0,346,1604.91,99.18,1.054,2023,6,8,3,0,127.0,150.0,214.42857142857142,0,1,0,0,1
247.0,502,660.33,99.27,1.014,2023,6,9,4,0,95.0,332.0,202.28571428571428,0,1,0,0,1
406.0,416,1153.96,99.51,1.042,2023,6,10,5,1,247.0,212.0,230.0,0,1,0,0,1
195.0,637,490.84,99.88,1.039,2023,6,11,6,1,406.0,278.0,218.14285714285714,0,1,0,0,1
369.0,409,1526.95,99.9,1.045,2023,6,12,0,0,195.0,100.0,256.57142857142856,0,1,0,0,1
370.0,512,579.61,99.0,1.056,2023,7,2,6,1,369.0,357.0,258.42857142857144,0,1,0,0,1
321.0,301,1101.36,99.84,0.99,2023,7,3,0,0,370.0,127.0,286.14285714285717,0,1,0,0,1
433.0,309,1413.52,99.75,1.054,2023,7,4,1,0,321.0,95.0,334.42857142857144,0,1,0,0,1
384.0,448,1742.24,99.56,1.092,2023,7,7,4,0,433.0,247.0,354.0,0,1,0,0,1
149.0,343,360.43,99.22,1.042,2023,7,8,5,1,384.0,406.0,317.2857142857143,0,1,0,0,1
326.0,318,430.66,99.33,1.063,2023,7,9,6,1,149.0,195.0,336.0,0,1,0,0,1
293.0,639,470.95,99.53,1.08,2023,7,10,0,0,326.0,369.0,325.14285714285717,0,1,0,0,1
186.0,429,1230.84,99.52,1.064,2023,7,11,1,0,293.0,370.0,298.85714285714283,0,1,0,0,1
120.0,503,1606.45,99.62,1.076,2023,8,3,3,0,186.0,321.0,270.14285714285717,0,1,0,0,1
291.0,467,1280.99,99.76,0.986,2023,8,6,6,1,120.0,433.0,249.85714285714286,0,1,0,0,1
162.0,485,717.19,98.88,1.018,2023,8,7,0,0,291.0,384.0,218.14285714285714,0,1,0,0,1
435.0,488,1417.24,99.28,0.982,2023,8,9,2,0,162.0,149.0,259.0,0,1,0,0,1
242.0,397,1615.69,99.38,1.036,2023,8,10,3,0,435.0,326.0,247.0,0,1,0,0,1
154.0,594,604.31,99.66,1.099,2023,8,11,4,0,242.0,293.0,227.14285714285714,0,1,0,0,1
432.0,417,1531.89,98.84,1.082,2023,9,2,5,1,154.0,186.0,262.2857142857143,0,1,0,0,1
226.0,354,1005.27,99.66,1.085,2023,9,3,6,1,432.0,120.0,277.42857142857144,0,1,0,0,1
265.0,354,1354.42,98.77,1.038,2023,9,4,0,0,226.0,291.0,273.7142857142857,0,1,0,0,1
365.0,356,1490.09,99.98,1.004,2023,9,5,1,0,265.0,162.0,302.7142857142857,0,1,0,0,1
197.0,372,1426.77,99.67,1.049,2023,9,7,3,0,365.0,435.0,268.7142857142857,0,1,0,0,1
416.0,342,539.31,99.84,0.981,2023,9,11,0,0,197.0,242.0,293.57142857142856,0,1,0,0,1
248.0,361,1658.64,99.96,1.008,2023,9,12,1,0,416.0,154.0,307.0,0,1,0,0,1
118.0,637,1556.57,99.57,1.068,2023,10,1,6,1,248.0,432.0,262.14285714285717,0,1,0,0,1
213.0,499,935.4,99.07,1.054,2023,10,2,0,0,118.0,226.0,260.2857142857143,0,1,0,0,1
137.0,422,1358.19,99.25,1.033,2023,10,6,4,0,213.0,265.0,242.0,0,1,0,0,1
375.0,621,1583.33,99.24,1.017,2023,10,9,0,0,137.0,365.0,243.42857142857142,0,1,0,0,1
202.0,492,1071.34,99.4,1.011,2023,10,10,1,0,375.0,197.0,244.14285714285714,0,1,0,0,1
437.0,589,1799.77,98.7,1.057,2023,10,11,2,0,202.0,416.0,247.14285714285714,0,1,0,0,1
133.0,419,1631.66,99.8,1.092,2023,11,1,2,0,437.0,248.0,230.71428571428572,0,1,0,0,1
376.0,513,1666.03,98.86,1.008,2023,11,2,3,0,133.0,118.0,267.57142857142856,0,1,0,0,1
333.0,417,709.61,99.37,1.016,2023,11,4,5,1,376.0,213.0,284.7142857142857,0,1,0,0,1
256.0,517,1323.77,99.55,1.066,2023,11,10,4,0,333.0,137.0,301.7142857142857,0,1,0,0,1
316.0,608,901.46,99.15,1.073,2023,11,11,5,1,256.0,375.0,293.2857142857143,0,1,0,0,1
178.0,616,949.88,99.73,1.069,2023,11,12,6,1,316.0,202.0,289.85714285714283,0,1,0,0,1
214.0,494,1286.42,99.43,0.991,2023,12,1,4,0,178.0,437.0,258.0,0,1,0,0,1
242.0,528,313.55,99.46,1.052,2023,12,3,6,1,214.0,133.0,273.57142857142856,0,1,0,0,1
376.0,481,637.84,98.87,1.028,2023,12,4,0,0,242.0,376.0,273.57142857142856,0,1,0,0,1
133.0,351,1255.64,99.38,1.036,2023,12,5,1,0,376.0,333.0,245.0,0,1,0,0,1
423.0,452,1542.18,98.98,1.077,2023,12,6,2,0,133.0,256.0,268.85714285714283,0,1,0,0,1
246.0,606,1288.08,99.39,0.992,2023,12,7,3,0,423.0,316.0,258.85714285714283,0,1,0,0,1
299.0,367,565.62,98.83,1.095,2023,12,8,4,0,246.0,178.0,276.14285714285717,0,1,0,0,1
198.0,537,1098.33,99.76,0.992,2023,12,9,5,1,299.0,214.0,273.85714285714283,0,1,0,0,1
296.0,563,969.22,99.57,1.02,2023,12,10,6,1,198.0,242.0,281.57142857142856,0,1,0,0,1
429.0,577,622.9,99.75,1.004,2023,12,12,1,0,296.0,376.0,289.14285714285717,0,1,0,0,1
437.0,467,974.87,99.81,1.095,2024,1,3,2,0,429.0,133.0,332.57142857142856,0,1,0,0,1
394.0,368,1169.3,99.07,1.024,2024,1,4,3,0,437.0,423.0,328.42857142857144,0,1,0,0,1
378.0,398,617.7,99.8,1.031,2024,1,6,5,1,394.0,246.0,347.2857142857143,0,1,0,0,1
286.0,453,1571.42,98.97,1.055,2024,1,9,1,0,378.0,299.0,345.42857142857144,0,1,0,0,1
339.0,341,878.43,99.38,1.052,2024,1,10,2,0,286.0,198.0,365.57142857142856,0,1,0,0,1
221.0,413,1512.77,99.85,0.981,2024,1,12,4,0,339.0,296.0,354.85714285714283,0,1,0,0,1
331.0,307,1156.02,99.68,0.998,2024,2,3,5,1,221.0,429.0,340.85714285714283,0,1,0,0,1
212.0,580,476.97,99.77,1.065,2024,2,7,2,0,331.0,437.0,308.7142857142857,0,1,0,0,1
152.0,449,1672.0,99.44,1.069,2024,2,10,5,1,212.0,394.0,274.14285714285717,0,1,0,0,1
217.0,478,1279.03,98.86,1.001,2024,2,12,0,0,152.0,378.0,251.14285714285714,0,1,0,0,1
184.5,434,1199.56,99.7,1.07,2024,3,2,5,1,217.0,286.0,236.64285714285714,0,1,0,0,1
285.0,527,333.2,99.53,1.03,2024,3,3,6,1,184.5,339.0,228.92857142857142,0,1,0,0,1
435.0,325,1522.5,99.76,1.046,2024,3,4,0,0,285.0,221.0,259.5,0,1,0,0,1
351.0,380,708.95,99.35,1.018,2024,3,11,0,0,435.0,331.0,262.35714285714283,0,1,0,0,1
362.0,387,1406.23,98.87,1.041,2024,3,12,1,0,351.0,212.0,283.7857142857143,0,1,0,0,1
143.0,347,407.6,99.55,1.032,2024,4,1,0,0,362.0,152.0,282.5,0,1,0,0,1
446.0,400,900.23,98.89,1.04,2024,4,2,1,0,143.0,217.0,315.2142857142857,1,1,0,0,1
342.0,314,1264.25,99.19,1.095,2024,4,3,2,0,446.0,184.5,337.7142857142857,0,1,0,0,1
382.0,564,1586.49,99.04,1.042,2024,4,4,3,0,342.0,285.0,351.57142857142856,0,1,0,0,1
381.0,585,948.57,99.53,1.096,2024,4,11,3,0,382.0,435.0,343.85714285714283,0,1,0,0,1
172.0,517,1083.86,99.71,0.999,2024,5,3,4,0,381.0,351.0,318.2857142857143,0,1,0,0,1
431.0,542,1218.24,99.26,0.989,2024,5,4,5,1,172.0,362.0,328.14285714285717,0,1,0,0,1
100.0,527,1169.95,99.92,0.988,2024,5,5,6,1,431.0,143.0,322.0,0,1,0,0,1
137.0,634,983.8,99.67,1.06,2024,5,6,0,0,100.0,446.0,277.85714285714283,0,1,0,0,1
299.0,314,1136.46,99.44,1.0,2024,5,8,2,0,137.0,342.0,271.7142857142857,0,1,0,0,1
114.0,637,1593.45,99.15,1.021,2024,5,9,3,0,299.0,382.0,233.42857142857142,0,1,0,0,1
359.0,378,737.27,99.0,1.044,2024,5,11,5,1,114.0,381.0,230.28571428571428,0,1,0,0,1
80.0,310,818.96,99.57,1.094,2024,5,12,6,1,359.0,172.0,217.14285714285714,0,1,0,0,1
423.0,576,508.95,98.73,1.084,2024,6,3,0,0,80.0,431.0,216.0,0,1,0,0,1
148.0,420,1376.11,99.92,1.043,2024,6,4,1,0,423.0,100.0,222.85714285714286,0,1,0,0,1
292.0,302,1650.35,99.37,0.994,2024,6,5,2,0,148.0,137.0,245.0,0,1,0,0,1
342.0,570,1666.85,99.76,0.995,2024,6,6,3,0,292.0,299.0,251.14285714285714,0,1,0,0,1
112.0,540,1041.93,98.87,1.095,2024,6,7,4,0,342.0,114.0,250.85714285714286,0,1,0,0,1
399.0,320,762.53,99.84,1.061,2024,6,8,5,1,112.0,359.0,256.57142857142856,0,1,0,0,1
301.0,520,1697.85,99.36,1.017,2024,6,11,1,0,399.0,80.0,288.14285714285717,0,1,0,0,1
433.0,507,1344.81,99.47,0.995,2024,6,12,2,0,301.0,423.0,289.57142857142856,0,1,0,0,1
127.0,356,1025.09,99.04,1.023,2024,7,3,2,0,433.0,148.0,286.57142857142856,0,1,0,0,1
436.0,305,622.63,99.05,1.0,2024,7,5,4,0,127.0,292.0,307.14285714285717,0,1,0,0,1
324.0,554,1485.25,99.25,1.076,2024,7,6,5,1,436.0,342.0,304.57142857142856,0,1,0,0,1
194.0,535,459.58,99.34,1.053,2024,7,7,6,1,324.0,112.0,316.2857142857143,0,1,0,0,1
145.0,563,1618.13,99.78,1.008,2024,7,9,1,0,194.0,399.0,280.0,0,1,0,0,1
146.0,550,743.99,99.12,1.095,2024,7,11,3,0,145.0,301.0,257.85714285714283,0,1,0,0,1
308.0,574,1206.92,99.59,0.982,2024,8,5,0,0,146.0,433.0,240.0,0,1,0,0,1
155.0,383,730.22,99.22,1.069,2024,8,6,1,0,308.0,127.0,244.0,0,1,0,0,1
103.0,515,808.61,99.28,0.992,2024,8,8,3,0,155.0,436.0,196.42857142857142,0,1,0,0,1
100.0,434,507.04,99.57,1.052,2024,8,9,4,0,103.0,324.0,164.42857142857142,0,1,0,0,1
439.0,494,1132.46,99.08,1.004,2024,8,11,6,1,100.0,194.0,199.42857142857142,0,1,0,0,1
142.0,495,1458.05,99.77,1.0,2024,9,3,1,0,439.0,145.0,199.0,0,1,0,0,1
123.0,495,1777.9,99.02,0.99,2024,9,5,3,0,142.0,146.0,195.71428571428572,0,1,0,0,1
361.0,595,450.55,99.52,1.086,2024,9,6,4,0,123.0,308.0,203.28571428571428,0,1,0,0,1
117.0,355,821.34,99.49,1.081,2024,9,9,0,0,361.0,155.0,197.85714285714286,0,1,0,0,1
81.0,511,777.41,99.5,1.0,2024,9,11,2,0,117.0,103.0,194.71428571428572,0,1,0,0,1
383.0,575,686.05,99.59,0.985,2024,10,2,2,0,81.0,100.0,235.14285714285714,0,1,0,0,1
194.0,312,300.08,99.93,1.078,2024,10,4,4,0,383.0,439.0,200.14285714285714,0,1,0,0,1
417.0,470,757.14,98.93,0.99,2024,11,1,4,0,194.0,142.0,239.42857142857142,0,1,0,0,1
436.0,639,641.45,99.38,1.077,2024,11,2,5,1,417.0,123.0,284.14285714285717,0,1,0,0,1
401.0,331,696.82,99.36,1.049,2024,11,5,1,0,436.0,361.0,289.85714285714283,0,1,0,0,1
305.0,373,799.56,99.22,1.031,2024,11,6,2,0,401.0,117.0,316.7142857142857,0,1,0,0,1
328.0,404,1553.54,99.67,1.07,2024,11,7,3,0,305.0,81.0,352.0,0,1,0,0,1
386.0,415,1351.0,99.04,1.055,2024,11,9,5,1,328.0,383.0,352.42857142857144,0,1,0,0,1
177.0,602,1451.57,99.86,1.023,2024,11,11,0,0,386.0,194.0,350.0,0,1,0,0,1
274.0,491,340.8,99.41,1.005,2024,11,12,1,0,177.0,417.0,329.57142857142856,0,1,0,0,1
308.0,602,707.08,99.31,1.065,2024,12,2,0,0,274.0,436.0,311.2857142857143,0,1,0,0,1
226.0,371,1771.7,99.68,1.041,2024,12,3,1,0,308.0,401.0,286.2857142857143,0,1,0,0,1
221.0,509,677.78,99.7,1.095,2024,12,5,3,0,226.0,305.0,274.2857142857143,0,1,0,0,1
359.0,527,1538.51,99.6,0.99,2024,12,6,4,0,221.0,328.0,278.7142857142857,0,1,0,0,1
414.0,565,1590.98,99.37,1.003,2024,12,7,5,1,359.0,386.0,282.7142857142857,0,1,0,0,1
449.0,386,1127.67,99.05,0.988,2024,12,8,6,1,414.0,177.0,321.57142857142856,1,1,0,0,1
288.0,644,1008.0,99.49,1.097,2024,12,9,0,0,449.0,274.0,323.57142857142856,0,1,0,0,1
303.0,322,620.25,99.08,1.083,2024,12,10,1,0,288.0,308.0,322.85714285714283,0,1,0,0,1
376.0,436,1160.58,99.44,1.094,2024,12,12,3,0,303.0,226.0,344.2857142857143,0,1,0,0,1
184.0,300,1142.8,99.57,1.091,2023,3,9,3,0,133.0,134.0,248.57142857142858,0,0,1,0,0
298.0,504,850.02,99.2,1.097,2023,3,10,4,0,184.0,358.0,240.0,0,0,1,0,0
368.0,560,1689.45,99.54,1.09,2023,4,1,5,1,298.0,294.0,250.57142857142858,0,0,1,0,0
201.0,331,775.38,99.83,1.011,2023,4,4,1,0,368.0,368.0,226.71428571428572,0,0,1,0,0
121.0,408,591.94,98.77,1.021,2023,4,5,2,0,201.0,109.0,228.42857142857142,0,0,1,0,0
256.0,503,411.06,99.48,1.042,2023,4,6,3,0,121.0,294.0,223.0,0,0,1,0,0
86.0,577,503.03,98.95,1.002,2023,4,8,5,1,256.0,133.0,216.28571428571428,0,0,1,0,0
399.0,486,1501.41,98.93,0.993,2023,4,9,6,1,86.0,184.0,247.0,0,0,1,0,0
337.0,548,1466.58,98.99,1.001,2023,4,10,0,0,399.0,298.0,252.57142857142858,0,0,1,0,0
231.0,325,365.15,99.04,1.085,2023,4,12,2,0,337.0,368.0,233.0,0,0,1,0,0
362.0,506,941.31,98.73,0.993,2023,5,1,0,0,231.0,201.0,256.0,0,0,1,0,0
292.0,582,1747.69,99.33,0.998,2023,5,4,3,0,362.0,121.0,280.42857142857144,0,0,1,0,0
369.0,622,859.89,99.43,1.034,2023,5,6,5,1,292.0,256.0,296.57142857142856,0,0,1,0,0
410.0,397,623.25,99.13,1.036,2023,5,7,6,1,369.0,86.0,342.85714285714283,0,0,1,0,0
213.0,583,1505.51,98.94,1.087,2023,6,1,3,0,410.0,399.0,316.2857142857143,0,0,1,0,0
159.0,609,1227.23,99.61,1.047,2023,6,3,5,1,213.0,337.0,290.85714285714283,0,0,1,0,0
226.0,453,1771.48,99.32,1.084,2023,6,5,0,0,159.0,231.0,290.14285714285717,0,0,1,0,0
332.0,556,784.65,99.97,1.019,2023,6,8,3,0,226.0,362.0,285.85714285714283,0,0,1,0,0
124.0,625,1361.43,98.84,1.073,2023,6,10,5,1,332.0,292.0,261.85714285714283,0,0,1,0,0
86.0,571,1458.4,98.8,1.079,2023,6,12,0,0,124.0,369.0,221.42857142857142,0,0,1,0,0
394.0,459,1078.19,99.61,1.024,2023,7,1,5,1,86.0,410.0,219.14285714285714,0,0,1,0,0
222.0,452,833.04,99.21,1.044,2023,7,2,6,1,394.0,213.0,220.42857142857142,0,0,1,0,0
396.0,422,347.38,99.91,0.986,2023,7,3,0,0,222.0,159.0,254.28571428571428,0,0,1,0,0
162.0,374,1434.4,99.79,1.036,2023,7,4,1,0,396.0,226.0,245.14285714285714,0,0,1,0,0
444.0,462,600.71,98.84,1.082,2023,7,5,2,0,162.0,332.0,261.14285714285717,1,0,1,0,0
152.0,547,532.0,99.41,1.06,2023,7,6,3,0,444.0,124.0,265.14285714285717,0,0,1,0,0
240.0,534,498.27,99.27,1.057,2023,7,8,5,1,152.0,86.0,287.14285714285717,0,0,1,0,0
233.0,499,1490.9,99.91,1.055,2023,7,9,6,1,240.0,394.0,264.14285714285717,0,0,1,0,0
423.0,493,514.27,99.69,1.075,2023,7,12,2,0,233.0,222.0,292.85714285714283,1,0,1,0,0
368.0,553,606.82,99.62,1.039,2023,8,2,2,0,423.0,396.0,288.85714285714283,0,0,1,0,0
198.0,370,1021.46,99.53,0.988,2023,8,4,4,0,368.0,162.0,294.0,0,0,1,0,0
95.0,637,858.3,99.13,1.086,2023,8,6,6,1,198.0,444.0,244.14285714285714,0,0,1,0,0
221.0,536,970.07,99.35,1.01,2023,8,7,0,0,95.0,152.0,254.0,0,0,1,0,0
105.0,420,1023.9,98.98,1.096,2023,8,9,2,0,221.0,240.0,234.71428571428572,0,0,1,0,0
132.0,486,877.59,99.92,1.053,2023,8,10,3,0,105.0,233.0,220.28571428571428,0,0,1,0,0
180.0,448,513.27,98.77,1.055,2023,8,11,4,0,132.0,423.0,185.57142857142858,0,0,1,0,0
139.0,604,1197.28,99.48,0.988,2023,8,12,5,1,180.0,368.0,152.85714285714286,0,0,1,0,0
226.0,447,1267.76,98.92,1.063,2023,9,1,4,0,139.0,198.0,156.85714285714286,0,0,1,0,0
172.0,506,686.52,99.3,1.084,2023,9,3,6,1,226.0,95.0,167.85714285714286,0,0,1,0,0
206.0,556,1568.88,99.49,0.991,2023,9,5,1,0,172.0,221.0,165.71428571428572,0,0,1,0,0
114.0,305,877.65,99.8,1.094,2023,9,8,4,0,206.0,105.0,167.0,0,0,1,0,0
302.0,401,1763.4,98.78,1.079,2023,9,10,6,1,114.0,132.0,191.28571428571428,0,0,1,0,0
171.0,586,1210.07,99.25,1.068,2023,10,2,0,0,302.0,180.0,190.0,0,0,1,0,0
265.0,545,838.73,99.2,1.036,2023,10,3,1,0,171.0,139.0,208.0,0,0,1,0,0
442.0,609,342.47,98.97,1.014,2023,10,6,4,0,265.0,226.0,238.85714285714286,1,0,1,0,0
89.0,413,767.48,99.38,0.988,2023,10,10,1,0,442.0,172.0,227.0,0,0,1,0,0
186.0,444,1090.23,98.77,0.993,2023,10,12,3,0,89.0,206.0,224.14285714285714,0,0,1,0,0
370.0,362,921.76,99.81,1.091,2023,11,2,3,0,186.0,114.0,260.7142857142857,0,0,1,0,0
391.0,533,1103.33,99.16,1.022,2023,11,6,0,0,370.0,302.0,273.42857142857144,0,0,1,0,0
171.0,478,796.72,99.69,1.03,2023,11,8,2,0,391.0,171.0,273.42857142857144,0,0,1,0,0
114.0,418,1729.68,99.63,1.092,2023,11,9,3,0,171.0,265.0,251.85714285714286,0,0,1,0,0
401.0,454,1531.89,99.02,1.031,2023,11,10,4,0,114.0,442.0,246.0,0,0,1,0,0
128.0,636,1741.61,98.89,1.03,2023,12,2,5,1,401.0,89.0,251.57142857142858,0,0,1,0,0
229.0,417,1491.73,99.84,1.021,2023,12,6,2,0,128.0,186.0,257.7142857142857,0,0,1,0,0
357.0,339,1784.15,99.44,0.997,2023,12,7,3,0,229.0,370.0,255.85714285714286,0,0,1,0,0
449.0,474,1683.65,98.79,1.014,2023,12,8,4,0,357.0,391.0,264.14285714285717,1,0,1,0,0
218.0,416,733.26,99.46,1.051,2023,12,12,1,0,449.0,171.0,270.85714285714283,0,0,1,0,0
236.0,593,1053.45,98.91,1.065,2024,1,6,5,1,218.0,114.0,288.2857142857143,0,0,1,0,0
164.0,309,685.22,99.28,1.063,2024,1,8,0,0,236.0,401.0,254.42857142857142,0,0,1,0,0
100.0,564,1710.95,98.96,1.017,2024,1,10,2,0,164.0,128.0,250.42857142857142,0,0,1,0,0
286.0,581,553.69,99.12,1.033,2024,2,1,3,0,100.0,229.0,258.57142857142856,0,0,1,0,0
334.0,310,369.39,99.04,1.04,2024,2,3,5,1,286.0,357.0,255.28571428571428,0,0,1,0,0
354.0,363,1343.03,98.84,1.06,2024,2,5,0,0,334.0,449.0,241.71428571428572,0,0,1,0,0
380.0,382,820.57,99.24,0.982,2024,2,6,1,0,354.0,218.0,264.85714285714283,0,0,1,0,0
294.0,468,1789.36,99.21,1.055,2024,2,12,0,0,380.0,236.0,273.14285714285717,0,0,1,0,0
449.0,427,832.49,99.11,1.096,2024,3,1,4,0,294.0,164.0,313.85714285714283,1,0,1,0,0
286.0,643,1254.33,99.64,1.09,2024,3,3,6,1,449.0,100.0,340.42857142857144,0,0,1,0,0
132.0,578,462.0,99.93,1.037,2024,3,5,1,0,286.0,286.0,318.42857142857144,0,0,1,0,0
391.0,577,576.4,98.97,1.013,2024,3,6,2,0,132.0,334.0,326.57142857142856,0,0,1,0,0
204.0,523,1103.07,99.9,0.993,2024,3,10,6,1,391.0,354.0,305.14285714285717,0,0,1,0,0
110.0,401,1738.05,98.73,1.069,2024,3,11,0,0,204.0,380.0,266.57142857142856,0,0,1,0,0
409.0,420,444.38,99.07,1.084,2024,3,12,1,0,110.0,294.0,283.0,0,0,1,0,0
135.0,364,811.53,99.94,1.046,2024,4,1,0,0,409.0,449.0,238.14285714285714,0,0,1,0,0
412.0,426,366.22,99.98,0.996,2024,4,2,1,0,135.0,286.0,256.14285714285717,0,0,1,0,0
382.0,613,1400.43,99.51,1.082,2024,4,4,3,0,412.0,132.0,291.85714285714283,0,0,1,0,0
132.0,601,1418.18,99.52,1.073,2024,4,9,1,0,382.0,391.0,254.85714285714286,0,0,1,0,0
213.0,538,860.63,99.79,1.054,2024,4,10,2,0,132.0,204.0,256.14285714285717,0,0,1,0,0
425.0,511,652.99,99.42,1.095,2024,4,11,3,0,213.0,110.0,301.14285714285717,1,0,1,0,0
284.0,428,1281.69,99.38,1.007,2024,4,12,4,0,425.0,409.0,283.2857142857143,0,0,1,0,0
130.0,380,691.0,99.8,1.084,2024,5,2,3,0,284.0,135.0,282.57142857142856,0,0,1,0,0
169.0,540,464.1,99.55,1.018,2024,5,5,6,1,130.0,412.0,247.85714285714286,0,0,1,0,0
268.0,457,1336.0,99.79,1.038,2024,5,7,1,0,169.0,382.0,231.57142857142858,0,0,1,0,0
420.0,597,578.93,98.84,1.067,2024,5,9,3,0,268.0,132.0,272.7142857142857,1,0,1,0,0
185.0,435,368.56,98.96,1.075,2024,5,10,4,0,420.0,213.0,268.7142857142857,0,0,1,0,0
315.0,472,1237.42,99.64,1.092,2024,6,2,6,1,185.0,425.0,253.0,0,0,1,0,0
130.0,477,978.13,99.81,0.986,2024,6,3,0,0,315.0,284.0,231.0,0,0,1,0,0
246.0,459,889.43,99.94,1.03,2024,6,4,1,0,130.0,130.0,247.57142857142858,0,0,1,0,0
410.0,630,950.41,99.74,1.015,2024,6,7,4,0,246.0,169.0,282.0,0,0,1,0,0
323.0,409,1241.55,99.18,0.997,2024,6,8,5,1,410.0,268.0,289.85714285714283,0,0,1,0,0
260.0,451,995.27,99.49,1.013,2024,6,9,6,1,323.0,420.0,267.0,0,0,1,0,0
196.0,342,1466.0,99.42,1.057,2024,7,1,0,0,260.0,185.0,268.57142857142856,0,0,1,0,0
324.0,342,1481.02,99.4,1.019,2024,7,3,2,0,196.0,315.0,269.85714285714283,0,0,1,0,0
276.0,534,308.45,98.74,1.048,2024,7,10,2,0,324.0,130.0,290.7142857142857,0,0,1,0,0
177.0,628,366.52,99.1,1.062,2024,7,11,3,0,276.0,246.0,280.85714285714283,0,0,1,0,0
268.0,301,1078.74,99.08,1.031,2024,8,1,3,0,177.0,410.0,260.57142857142856,0,0,1,0,0
87.0,331,958.01,99.71,1.074,2024,8,2,4,0,268.0,323.0,226.85714285714286,0,0,1,0,0
284.0,498,1562.12,99.54,1.021,2024,8,5,0,0,87.0,260.0,230.28571428571428,0,0,1,0,0
134.0,467,1005.52,99.11,1.055,2024,8,6,1,0,284.0,196.0,221.42857142857142,0,0,1,0,0
201.0,534,1799.51,98.92,1.073,2024,8,7,2,0,134.0,324.0,203.85714285714286,0,0,1,0,0
323.0,569,1441.59,99.38,1.007,2024,8,8,3,0,201.0,276.0,210.57142857142858,0,0,1,0,0
448.0,379,1796.54,99.67,1.096,2024,8,12,0,0,323.0,177.0,249.28571428571428,1,0,1,0,0
334.0,301,721.06,99.99,1.012,2024,9,3,1,0,448.0,268.0,258.7142857142857,0,0,1,0,0
440.0,417,571.79,99.57,1.035,2024,9,4,2,0,334.0,87.0,309.14285714285717,1,0,1,0,0
85.0,468,574.39,98.87,1.051,2024,9,6,4,0,440.0,284.0,280.7142857142857,0,0,1,0,0
327.0,510,729.99,99.71,0.998,2024,9,8,6,1,85.0,134.0,308.2857142857143,0,0,1,0,0
233.5,328,1258.72,99.76,0.987,2024,9,9,0,0,327.0,201.0,312.92857142857144,0,0,1,0,0
384.0,363,1094.83,99.55,0.99,2024,9,11,2,0,233.5,323.0,321.64285714285717,0,0,1,0,0
386.0,561,1443.35,99.37,1.005,2024,9,12,3,0,384.0,448.0,312.7857142857143,0,0,1,0,0
169.0,610,833.69,99.37,1.017,2024,10,1,1,0,386.0,334.0,289.2142857142857,0,0,1,0,0
210.0,447,1183.73,99.29,1.069,2024,10,2,2,0,169.0,440.0,256.35714285714283,0,0,1,0,0
153.0,442,964.41,99.47,1.037,2024,10,4,4,0,210.0,85.0,266.07142857142856,0,0,1,0,0
106.0,587,301.7,98.8,1.072,2024,10,5,5,1,153.0,327.0,234.5,0,0,1,0,0
84.0,530,1112.53,99.53,1.045,2024,10,6,6,1,106.0,233.5,213.14285714285714,0,0,1,0,0
148.0,625,1290.8,99.49,1.082,2024,10,7,0,0,84.0,384.0,179.42857142857142,0,0,1,0,0
439.0,380,318.89,99.86,1.05,2024,10,9,2,0,148.0,386.0,187.0,1,0,1,0,0
285.0,376,416.23,99.47,1.003,2024,10,12,5,1,439.0,169.0,203.57142857142858,0,0,1,0,0
263.0,322,729.34,99.29,1.003,2024,11,1,4,0,285.0,210.0,211.14285714285714,0,0,1,0,0
271.0,549,361.47,99.61,1.034,2024,11,2,5,1,263.0,153.0,228.0,0,0,1,0,0
214.0,533,1190.63,98.72,1.011,2024,11,5,1,0,271.0,106.0,243.42857142857142,0,0,1,0,0
248.0,474,1144.35,99.93,0.989,2024,11,6,2,0,214.0,84.0,266.85714285714283,0,0,1,0,0
141.0,445,835.48,99.36,1.061,2024,11,7,3,0,248.0,148.0,265.85714285714283,0,0,1,0,0
371.0,560,1773.64,99.19,1.004,2024,11,10,6,1,141.0,439.0,256.14285714285717,0,0,1,0,0
254.0,568,630.19,99.78,1.063,2024,11,11,0,0,371.0,285.0,251.71428571428572,0,0,1,0,0
283.0,445,1546.63,99.88,1.011,2024,11,12,1,0,254.0,263.0,254.57142857142858,0,0,1,0,0
308.0,470,592.66,99.85,1.035,2024,12,1,6,1,283.0,271.0,259.85714285714283,0,0,1,0,0
236.0,415,1623.25,99.44,1.028,2024,12,5,3,0,308.0,214.0,263.0,0,0,1,0,0
147.0,527,1634.17,99.99,1.06,2024,12,6,4,0,236.0,248.0,248.57142857142858,0,0,1,0,0
136.0,396,1546.69,98.72,1.013,2024,12,7,5,1,147.0,141.0,247.85714285714286,0,0,1,0,0
252.0,334,1394.26,98.97,1.025,2024,12,11,2,0,136.0,371.0,230.85714285714286,0,0,1,0,0
445.0,439,837.93,99.88,0.983,2023,2,8,2,0,205.0,157.0,249.71428571428572,1,0,1,0,1
123.0,570,345.53,99.79,1.035,2023,2,10,4,0,445.0,255.0,230.85714285714286,0,0,1,0,1
267.0,529,640.1,99.48,1.064,2023,2,12,6,1,123.0,93.0,255.71428571428572,0,0,1,0,1
254.0,383,1281.77,99.05,1.094,2023,3,3,4,0,267.0,379.0,237.85714285714286,0,0,1,0,1
348.0,480,1680.45,99.37,1.054,2023,3,4,5,1,254.0,254.0,251.28571428571428,0,0,1,0,1
284.0,636,528.07,99.29,1.022,2023,3,7,1,0,348.0,117.0,275.14285714285717,0,0,1,0,1
275.0,629,658.27,99.92,1.017,2023,3,11,5,1,284.0,205.0,285.14285714285717,0,0,1,0,1
173.0,597,1394.12,99.42,1.023,2023,3,12,6,1,275.0,445.0,246.28571428571428,0,0,1,0,1
141.0,493,1135.14,99.44,1.014,2023,4,2,6,1,173.0,123.0,248.85714285714286,0,0,1,0,1
139.0,444,436.75,98.9,1.034,2023,4,3,0,0,141.0,267.0,230.57142857142858,0,0,1,0,1
438.0,312,1454.17,99.21,1.079,2023,4,7,4,0,139.0,254.0,256.85714285714283,1,0,1,0,1
216.0,391,1296.05,99.01,1.039,2023,4,11,1,0,438.0,348.0,238.0,0,0,1,0,1
340.0,437,1784.94,99.12,1.077,2023,5,2,1,0,216.0,284.0,246.0,0,0,1,0,1
196.0,643,949.87,99.97,0.998,2023,5,3,2,0,340.0,275.0,234.71428571428572,0,0,1,0,1
354.0,464,1396.23,98.89,1.082,2023,5,5,4,0,196.0,173.0,260.57142857142856,0,0,1,0,1
323.0,422,1317.59,99.46,0.998,2023,5,8,0,0,354.0,141.0,286.57142857142856,0,0,1,0,1
397.0,436,814.26,98.84,1.048,2023,5,9,1,0,323.0,139.0,323.42857142857144,0,0,1,0,1
207.0,472,303.11,99.04,1.042,2023,5,10,2,0,397.0,438.0,290.42857142857144,0,0,1,0,1
335.0,323,1715.65,99.96,1.025,2023,5,11,3,0,207.0,216.0,307.42857142857144,0,0,1,0,1
416.0,457,337.29,98.71,1.007,2023,5,12,4,0,335.0,340.0,318.2857142857143,1,0,1,0,1
399.0,648,509.66,99.73,1.004,2023,6,2,4,0,416.0,196.0,347.2857142857143,0,0,1,0,1
340.0,302,1787.71,98.83,1.028,2023,6,4,6,1,399.0,354.0,345.2857142857143,0,0,1,0,1
448.0,600,1174.39,99.03,1.034,2023,6,6,1,0,340.0,323.0,363.14285714285717,1,0,1,0,1
271.0,609,431.32,99.06,1.03,2023,6,7,2,0,448.0,397.0,345.14285714285717,0,0,1,0,1
126.0,406,381.77,99.11,1.04,2023,6,9,4,0,271.0,207.0,333.57142857142856,0,0,1,0,1
166.0,314,727.01,99.19,1.071,2023,6,11,6,1,126.0,335.0,309.42857142857144,0,0,1,0,1
348.0,607,1317.17,99.4,1.022,2023,7,7,4,0,166.0,416.0,299.7142857142857,0,0,1,0,1
202.0,475,1798.57,98.98,0.992,2023,7,10,0,0,348.0,399.0,271.57142857142856,0,0,1,0,1
281.0,490,1308.97,98.92,1.067,2023,7,11,1,0,202.0,340.0,263.14285714285717,0,0,1,0,1
239.0,497,663.08,99.57,1.071,2023,8,1,1,0,281.0,448.0,233.28571428571428,0,0,1,0,1
93.0,311,670.65,98.91,1.085,2023,8,3,3,0,239.0,271.0,207.85714285714286,0,0,1,0,1
205.0,576,838.07,99.74,1.013,2023,8,5,5,1,93.0,126.0,219.14285714285714,0,0,1,0,1
104.0,484,321.85,99.02,1.084,2023,8,8,1,0,205.0,166.0,210.28571428571428,0,0,1,0,1
378.0,582,818.54,98.93,1.089,2023,9,2,5,1,104.0,348.0,214.57142857142858,0,0,1,0,1
271.0,318,960.3,98.89,1.019,2023,9,4,0,0,378.0,202.0,224.42857142857142,0,0,1,0,1
363.0,481,1589.74,98.75,1.074,2023,9,6,2,0,271.0,281.0,236.14285714285714,0,0,1,0,1
149.0,439,1663.76,99.1,1.063,2023,9,7,3,0,363.0,239.0,223.28571428571428,0,0,1,0,1
383.0,429,529.72,99.64,1.052,2023,9,9,5,1,149.0,93.0,264.7142857142857,0,0,1,0,1
405.0,643,503.44,98.89,1.064,2023,9,11,0,0,383.0,205.0,293.2857142857143,0,0,1,0,1
89.0,405,507.42,99.25,1.046,2023,9,12,1,0,405.0,104.0,291.14285714285717,0,0,1,0,1
88.0,532,823.81,99.64,1.088,2023,10,1,6,1,89.0,378.0,249.71428571428572,0,0,1,0,1
404.0,360,1769.47,98.91,1.064,2023,10,4,2,0,88.0,271.0,268.7142857142857,0,0,1,0,1
437.0,487,517.79,99.62,1.06,2023,10,5,3,0,404.0,363.0,279.2857142857143,1,0,1,0,1
149.0,412,367.87,98.98,0.982,2023,10,7,5,1,437.0,149.0,279.2857142857143,0,0,1,0,1
192.0,300,795.59,99.46,1.035,2023,10,8,6,1,149.0,383.0,252.0,0,0,1,0,1
98.0,561,610.49,99.8,0.99,2023,10,9,0,0,192.0,405.0,208.14285714285714,0,0,1,0,1
363.0,509,773.33,99.72,1.062,2023,10,11,2,0,98.0,89.0,247.28571428571428,0,0,1,0,1
240.0,367,655.87,99.12,1.07,2023,11,1,2,0,363.0,88.0,269.0,0,0,1,0,1
209.0,530,545.29,99.2,1.096,2023,11,3,4,0,240.0,404.0,241.14285714285714,0,0,1,0,1
230.5,594,1044.69,99.26,1.068,2023,11,4,5,1,209.0,437.0,211.64285714285714,0,0,1,0,1
110.0,636,1379.69,99.82,1.034,2023,11,5,6,1,230.5,149.0,206.07142857142858,0,0,1,0,1
316.0,648,639.41,99.86,1.074,2023,11,7,1,0,110.0,192.0,223.78571428571428,0,0,1,0,1
132.0,541,1733.85,98.79,1.023,2023,11,11,5,1,316.0,98.0,228.64285714285714,0,0,1,0,1
360.0,564,1514.14,99.73,1.092,2023,11,12,6,1,132.0,363.0,228.21428571428572,0,0,1,0,1
396.0,603,721.16,98.73,1.057,2023,12,1,4,0,360.0,240.0,250.5,0,0,1,0,1
250.0,300,678.79,99.16,1.026,2023,12,3,6,1,396.0,209.0,256.35714285714283,0,0,1,0,1
261.0,405,1567.18,99.05,0.999,2023,12,4,0,0,250.0,230.5,260.7142857142857,0,0,1,0,1
206.0,374,707.32,99.22,0.992,2023,12,5,1,0,261.0,110.0,274.42857142857144,0,0,1,0,1
160.0,629,1187.58,98.95,1.06,2023,12,9,5,1,206.0,316.0,252.14285714285714,0,0,1,0,1
371.0,383,584.17,99.22,1.094,2023,12,10,6,1,160.0,132.0,286.2857142857143,0,0,1,0,1
120.0,603,581.29,98.71,0.991,2023,12,11,0,0,371.0,360.0,252.0,0,0,1,0,1
192.0,345,814.76,99.42,0.989,2024,1,1,0,0,120.0,396.0,222.85714285714286,0,0,1,0,1
190.0,504,1221.81,99.77,1.039,2024,1,2,1,0,192.0,250.0,214.28571428571428,0,0,1,0,1
322.0,599,825.41,99.28,0.996,2024,1,3,2,0,190.0,261.0,223.0,0,0,1,0,1
121.0,518,872.94,99.43,0.994,2024,1,4,3,0,322.0,206.0,210.85714285714286,0,0,1,0,1
87.0,344,669.41,99.87,0.993,2024,1,5,4,0,121.0,160.0,200.42857142857142,0,0,1,0,1
110.0,311,548.99,99.09,1.045,2024,1,7,6,1,87.0,371.0,163.14285714285714,0,0,1,0,1
145.0,641,763.9,99.35,1.021,2024,1,9,1,0,110.0,120.0,166.71428571428572,0,0,1,0,1
321.0,500,958.14,99.0,1.029,2024,1,11,3,0,145.0,192.0,185.14285714285714,0,0,1,0,1
162.0,649,1574.63,99.1,1.078,2024,1,12,4,0,321.0,190.0,181.14285714285714,0,0,1,0,1
264.0,433,861.97,98.94,1.032,2024,2,2,4,0,162.0,322.0,172.85714285714286,0,0,1,0,1
273.5,471,1295.7,99.33,1.042,2024,2,4,6,1,264.0,121.0,194.64285714285714,0,0,1,0,1
437.0,324,338.45,99.89,1.082,2024,2,7,2,0,273.5,87.0,244.64285714285714,1,0,1,0,1
116.0,363,744.38,99.4,1.007,2024,2,8,3,0,437.0,110.0,245.5,0,0,1,0,1
338.0,548,647.77,98.84,1.057,2024,2,9,4,0,116.0,145.0,273.07142857142856,0,0,1,0,1
121.0,557,709.23,98.9,0.986,2024,2,10,5,1,338.0,321.0,244.5,0,0,1,0,1
96.0,365,1388.64,99.57,1.02,2024,2,11,6,1,121.0,162.0,235.07142857142858,0,0,1,0,1
171.0,330,1041.24,99.64,1.026,2024,3,2,5,1,96.0,264.0,221.78571428571428,0,0,1,0,1
159.0,315,567.03,99.76,1.013,2024,3,4,0,0,171.0,273.5,205.42857142857142,0,0,1,0,1
159.0,562,1315.5,99.57,1.097,2024,3,7,3,0,159.0,437.0,165.71428571428572,0,0,1,0,1
305.0,376,1604.01,99.01,0.99,2024,3,8,4,0,159.0,116.0,192.71428571428572,0,0,1,0,1
417.0,600,922.62,98.89,1.095,2024,3,9,5,1,305.0,338.0,204.0,1,0,1,0,1
390.0,599,722.91,99.27,1.001,2024,4,3,2,0,417.0,121.0,242.42857142857142,0,0,1,0,1
172.0,638,1072.63,99.58,1.058,2024,4,5,4,0,390.0,96.0,253.28571428571428,0,0,1,0,1
361.0,415,372.85,99.48,1.076,2024,4,6,5,1,172.0,171.0,280.42857142857144,0,0,1,0,1
289.0,377,1569.01,99.31,1.067,2024,4,7,6,1,361.0,159.0,299.0,0,0,1,0,1
444.0,370,1475.33,99.44,0.994,2024,4,8,0,0,289.0,159.0,339.7142857142857,1,0,1,0,1
257.0,592,1750.3,99.38,1.016,2024,5,1,2,0,444.0,305.0,332.85714285714283,0,0,1,0,1
140.0,544,1707.87,98.94,1.097,2024,5,3,4,0,257.0,417.0,293.2857142857143,0,0,1,0,1
230.0,625,826.38,99.9,1.076,2024,5,4,5,1,140.0,390.0,270.42857142857144,0,0,1,0,1
132.0,398,1473.77,99.4,0.999,2024,5,6,0,0,230.0,172.0,264.7142857142857,0,0,1,0,1
312.0,631,1747.71,99.33,0.993,2024,5,8,2,0,132.0,361.0,257.7142857142857,0,0,1,0,1
165.0,412,1553.04,99.49,1.056,2024,5,11,5,1,312.0,289.0,240.0,0,0,1,0,1
349.0,453,679.44,99.58,1.067,2024,5,12,6,1,165.0,444.0,226.42857142857142,0,0,1,0,1
110.0,518,446.79,99.44,1.046,2024,6,1,5,1,349.0,257.0,205.42857142857142,0,0,1,0,1
165.0,436,1271.51,99.24,0.998,2024,6,5,2,0,110.0,140.0,209.0,0,0,1,0,1
128.0,608,1363.91,99.39,1.037,2024,6,6,3,0,165.0,230.0,194.42857142857142,0,0,1,0,1
271.0,324,1219.52,98.92,0.982,2024,6,10,0,0,128.0,132.0,214.28571428571428,0,0,1,0,1
376.0,388,1691.57,99.15,1.019,2024,6,11,1,0,271.0,312.0,223.42857142857142,0,0,1,0,1
182.5,489,1173.3,98.96,0.986,2024,6,12,2,0,376.0,165.0,225.92857142857142,0,0,1,0,1
207.0,392,492.77,98.73,1.063,2024,7,2,1,0,182.5,349.0,205.64285714285714,0,0,1,0,1
148.0,320,1400.88,99.23,1.023,2024,7,4,3,0,207.0,110.0,211.07142857142858,0,0,1,0,1
223.0,359,986.35,99.05,1.081,2024,7,5,4,0,148.0,165.0,219.35714285714286,0,0,1,0,1
365.0,638,549.62,99.71,1.01,2024,7,6,5,1,223.0,128.0,253.21428571428572,0,0,1,0,1
306.0,399,1595.43,99.18,1.005,2024,7,7,6,1,365.0,271.0,258.2142857142857,0,0,1,0,1
303.0,478,1577.16,99.87,1.041,2024,7,8,0,0,306.0,376.0,247.78571428571428,0,0,1,0,1
399.0,476,1468.11,99.65,1.063,2024,7,9,1,0,303.0,182.5,278.7142857142857,0,0,1,0,1
201.0,514,1641.34,98.79,1.098,2024,7,12,4,0,399.0,207.0,277.85714285714283,0,0,1,0,1
128.0,576,550.58,99.98,1.048,2024,8,3,5,1,201.0,148.0,275.0,0,0,1,0,1
354.0,505,852.84,99.94,1.078,2024,8,4,6,1,128.0,223.0,293.7142857142857,0,0,1,0,1
92.0,571,1591.28,99.67,1.046,2024,8,9,4,0,354.0,365.0,254.71428571428572,0,0,1,0,1
439.0,556,526.11,99.5,1.03,2024,8,10,5,1,92.0,306.0,273.7142857142857,1,0,1,0,1
410.0,395,644.75,99.32,1.029,2024,8,11,6,1,439.0,303.0,289.0,0,0,1,0,1
366.0,475,1515.39,99.39,1.013,2024,9,1,6,1,410.0,399.0,284.2857142857143,0,0,1,0,1
218.0,520,1786.58,98.83,1.029,2024,9,2,0,0,366.0,201.0,286.7142857142857,0,0,1,0,1
213.0,480,745.5,98.93,1.072,2024,9,5,3,0,218.0,128.0,298.85714285714283,0,0,1,0,1
245.0,482,1382.53,98.88,1.027,2024,9,7,5,1,213.0,354.0,283.2857142857143,0,0,1,0,1
404.0,457,1443.48,99.32,1.062,2024,9,10,1,0,245.0,92.0,327.85714285714283,0,0,1,0,1
338.0,401,904.34,99.87,1.069,2024,10,3,3,0,404.0,439.0,313.42857142857144,0,0,1,0,1
350.0,368,1609.19,99.73,1.042,2024,10,8,1,0,338.0,410.0,304.85714285714283,0,0,1,0,1
208.0,470,872.56,99.18,1.009,2024,10,10,3,0,350.0,366.0,282.2857142857143,0,0,1,0,1
414.0,314,1214.59,99.59,1.035,2024,10,11,4,0,208.0,218.0,310.2857142857143,0,0,1,0,1
227.0,404,927.2,99.88,1.099,2024,11,3,6,1,414.0,213.0,312.2857142857143,0,0,1,0,1
269.0,495,1098.18,99.04,1.088,2024,11,4,0,0,227.0,245.0,315.7142857142857,0,0,1,0,1
269.0,516,843.34,98.98,1.091,2024,11,8,4,0,269.0,404.0,296.42857142857144,0,0,1,0,1
263.0,366,868.82,99.3,1.036,2024,11,9,5,1,269.0,338.0,285.7142857142857,0,0,1,0,1
374.0,578,483.94,99.26,1.028,2024,12,2,0,0,263.0,350.0,289.14285714285717,0,0,1,0,1
354.0,545,1311.33,98.99,0.984,2024,12,3,1,0,374.0,208.0,310.0,0,0,1,0,1
319.0,312,1561.57,99.36,0.997,2024,12,4,2,0,354.0,414.0,296.42857142857144,0,0,1,0,1
80.0,489,871.66,99.49,1.055,2024,12,8,6,1,319.0,227.0,275.42857142857144,0,0,1,0,1
192.0,580,500.09,99.84,1.041,2024,12,9,0,0,80.0,269.0,264.42857142857144,0,0,1,0,1
146.0,455,1678.28,99.22,1.003,2024,12,10,1,0,192.0,269.0,246.85714285714286,0,0,1,0,1
240.0,533,928.49,99.75,1.087,2024,12,12,3,0,146.0,263.0,243.57142857142858,0,0,1,0,1
269.0,607,941.5,98.98,1.006,2023,3,7,1,0,397.0,309.0,266.2857142857143,0,0,0,1,0
255.0,444,892.5,99.4,0.995,2023,3,10,4,0,269.0,275.0,263.42857142857144,0,0,0,1,0
136.0,349,946.41,98.96,1.033,2023,3,12,6,1,255.0,225.0,250.71428571428572,0,0,0,1,0
120.0,456,1503.3,98.8,1.098,2023,4,1,5,1,136.0,218.0,236.71428571428572,0,0,0,1,0
322.0,330,915.6,99.97,0.993,2023,4,2,6,1,120.0,343.0,233.71428571428572,0,0,0,1,0
336.0,357,1641.15,99.0,1.006,2023,4,3,0,0,322.0,137.0,262.14285714285717,0,0,0,1,0
394.0,633,959.11,99.49,1.093,2023,4,4,1,0,336.0,397.0,261.7142857142857,0,0,0,1,0
205.0,408,1756.11,99.7,1.098,2023,4,5,2,0,394.0,269.0,252.57142857142858,0,0,0,1,0
158.0,409,1624.91,99.24,1.026,2023,4,8,5,1,205.0,255.0,238.71428571428572,0,0,0,1,0
176.0,373,1751.61,99.55,1.048,2023,4,9,6,1,158.0,136.0,244.42857142857142,0,0,0,1,0
135.0,407,948.35,98.82,1.07,2023,4,10,0,0,176.0,120.0,246.57142857142858,0,0,0,1,0
125.0,314,1022.28,98.85,0.995,2023,5,3,2,0,135.0,322.0,218.42857142857142,0,0,0,1,0
359.0,424,966.07,99.51,1.039,2023,5,5,4,0,125.0,336.0,221.71428571428572,0,0,0,1,0
374.0,518,413.38,99.93,1.016,2023,5,6,5,1,359.0,394.0,218.85714285714286,0,0,0,1,0
105.0,420,597.29,99.83,1.022,2023,5,11,3,0,374.0,205.0,204.57142857142858,0,0,0,1,0
310.0,536,1109.76,98.96,1.093,2023,6,1,3,0,105.0,158.0,226.28571428571428,0,0,0,1,0
380.0,516,1590.18,99.71,0.985,2023,6,3,5,1,310.0,176.0,255.42857142857142,0,0,0,1,0
144.0,382,458.86,98.9,1.093,2023,6,6,1,0,380.0,135.0,256.7142857142857,0,0,0,1,0
383.0,338,1053.74,98.96,1.018,2023,6,8,3,0,144.0,125.0,293.57142857142856,0,0,0,1,0
399.0,627,697.57,99.57,0.986,2023,6,11,6,1,383.0,359.0,299.2857142857143,0,0,0,1,0
200.0,415,828.85,99.09,1.0,2023,7,1,5,1,399.0,374.0,274.42857142857144,0,0,0,1,0
195.0,453,895.38,98.87,1.048,2023,7,3,0,0,200.0,105.0,287.2857142857143,0,0,0,1,0
282.0,491,1038.49,99.44,1.084,2023,7,5,2,0,195.0,310.0,283.2857142857143,0,0,0,1,0
333.0,329,1308.38,99.32,1.077,2023,7,8,5,1,282.0,380.0,276.57142857142856,0,0,0,1,0
128.0,351,698.34,99.74,1.01,2023,7,10,0,0,333.0,144.0,274.2857142857143,0,0,0,1,0
240.0,365,1510.89,99.29,1.007,2023,7,12,2,0,128.0,383.0,253.85714285714286,0,0,0,1,0
160.0,486,1214.35,99.35,0.986,2023,8,1,1,0,240.0,399.0,219.71428571428572,0,0,0,1,0
258.0,341,508.91,99.72,1.054,2023,8,2,2,0,160.0,200.0,228.0,0,0,0,1,0
404.0,312,1757.3,98.98,1.068,2023,8,5,5,1,258.0,195.0,257.85714285714283,0,0,0,1,0
265.0,394,1530.73,99.77,1.051,2023,8,8,1,0,404.0,282.0,255.42857142857142,0,0,0,1,0
404.0,391,1602.0,99.77,1.055,2023,8,10,3,0,265.0,333.0,265.57142857142856,0,0,0,1,0
404.0,404,471.28,99.37,1.05,2023,8,12,5,1,404.0,128.0,305.0,0,0,0,1,0
319.0,443,1552.95,99.11,1.002,2023,9,1,4,0,404.0,240.0,316.2857142857143,0,0,0,1,0
262.0,587,1047.29,99.42,1.066,2023,9,3,6,1,319.0,160.0,330.85714285714283,0,0,0,1,0
231.0,304,472.2,99.91,1.074,2023,9,7,3,0,262.0,258.0,327.0,0,0,0,1,0
157.0,515,1321.01,99.56,1.041,2023,9,9,5,1,231.0,404.0,291.7142857142857,0,0,0,1,0
87.0,453,730.86,99.36,1.077,2023,9,12,1,0,157.0,265.0,266.2857142857143,0,0,0,1,0
392.0,417,1263.85,99.24,1.056,2023,10,4,2,0,87.0,404.0,264.57142857142856,0,0,0,1,0
267.0,472,1346.63,98.71,0.992,2023,10,5,3,0,392.0,404.0,245.0,0,0,0,1,0
215.0,642,1080.67,99.98,1.004,2023,10,8,6,1,267.0,319.0,230.14285714285714,0,0,0,1,0
360.0,342,958.7,98.75,1.023,2023,10,10,1,0,215.0,262.0,244.14285714285714,0,0,0,1,0
114.0,601,638.31,99.19,1.035,2023,11,4,5,1,360.0,231.0,227.42857142857142,0,0,0,1,0
106.0,417,782.24,99.31,1.007,2023,11,5,6,1,114.0,157.0,220.14285714285714,0,0,0,1,0
281.0,647,1296.33,99.84,1.078,2023,11,6,0,0,106.0,87.0,247.85714285714286,0,0,0,1,0
119.0,541,1140.87,99.92,0.99,2023,11,7,1,0,281.0,392.0,208.85714285714286,0,0,0,1,0
372.0,308,1252.99,98.95,1.005,2023,11,9,3,0,119.0,267.0,223.85714285714286,0,0,0,1,0
433.0,585,1080.29,99.43,0.982,2023,11,11,5,1,372.0,215.0,255.0,1,0,0,1,0
101.0,537,1184.81,99.96,1.038,2023,12,1,4,0,433.0,360.0,218.0,0,0,0,1,0
261.0,451,913.5,98.91,0.984,2023,12,2,5,1,101.0,114.0,239.0,0,0,0,1,0
115.0,409,831.64,99.35,1.093,2023,12,6,2,0,261.0,106.0,240.28571428571428,0,0,0,1,0
302.0,556,1146.62,99.47,1.0,2023,12,9,5,1,115.0,281.0,243.28571428571428,0,0,0,1,0
352.0,543,317.0,99.41,1.097,2024,1,1,0,0,302.0,119.0,276.57142857142856,0,0,0,1,0
245.0,490,1292.82,98.97,1.089,2024,1,2,1,0,352.0,372.0,258.42857142857144,0,0,0,1,0
249.0,344,1569.43,99.16,1.08,2024,1,3,2,0,245.0,433.0,232.14285714285714,0,0,0,1,0
162.0,568,435.17,99.69,1.054,2024,1,4,3,0,249.0,101.0,240.85714285714286,0,0,0,1,0
155.0,308,1080.0,99.72,1.007,2024,1,5,4,0,162.0,261.0,225.71428571428572,0,0,0,1,0
383.0,567,418.06,99.33,1.005,2024,1,11,3,0,155.0,115.0,264.0,0,0,0,1,0
349.0,516,951.07,99.76,1.089,2024,2,1,3,0,383.0,302.0,270.7142857142857,0,0,0,1,0
221.0,551,642.09,98.71,0.996,2024,2,3,5,1,349.0,352.0,252.0,0,0,0,1,0
344.0,616,981.41,99.63,0.993,2024,2,4,6,1,221.0,245.0,266.14285714285717,0,0,0,1,0
175.0,522,1350.46,98.96,1.032,2024,2,7,2,0,344.0,249.0,255.57142857142858,0,0,0,1,0
269.0,615,794.95,99.74,0.996,2024,2,8,3,0,175.0,162.0,270.85714285714283,0,0,0,1,0
109.0,395,613.26,98.95,1.057,2024,2,9,4,0,269.0,155.0,264.2857142857143,0,0,0,1,0
108.0,443,895.73,99.47,1.009,2024,2,12,0,0,109.0,383.0,225.0,0,0,0,1,0
359.0,643,1051.57,99.11,0.996,2024,3,5,1,0,108.0,349.0,226.42857142857142,0,0,0,1,0
281.0,454,1776.25,98.73,1.064,2024,3,6,2,0,359.0,221.0,235.0,0,0,0,1,0
432.0,581,325.99,99.44,1.005,2024,3,9,5,1,281.0,344.0,247.57142857142858,1,0,0,1,0
431.0,534,740.22,98.97,1.012,2024,3,11,0,0,432.0,175.0,284.14285714285717,1,0,0,1,0
321.0,331,338.29,99.64,1.08,2024,3,12,1,0,431.0,269.0,291.57142857142856,0,0,0,1,0
336.0,364,1209.02,99.44,0.986,2024,4,1,0,0,321.0,109.0,324.0,0,0,0,1,0
242.0,472,1035.92,99.79,1.065,2024,4,2,1,0,336.0,108.0,343.14285714285717,0,0,0,1,0
421.0,619,1554.12,99.63,1.043,2024,4,4,3,0,242.0,359.0,352.0,1,0,0,1,0
315.0,490,1681.98,98.77,1.023,2024,4,6,5,1,421.0,281.0,356.85714285714283,0,0,0,1,0
390.0,309,618.56,99.81,0.987,2024,4,8,0,0,315.0,432.0,350.85714285714283,0,0,0,1,0
119.0,481,1171.37,99.51,0.986,2024,4,9,1,0,390.0,431.0,306.2857142857143,0,0,0,1,0
167.0,362,1368.28,99.11,1.045,2024,4,11,3,0,119.0,321.0,284.2857142857143,0,0,0,1,0
300.0,309,1627.2,99.63,1.06,2024,4,12,4,0,167.0,336.0,279.14285714285717,0,0,0,1,0
94.0,556,1319.59,99.49,1.072,2024,5,2,3,0,300.0,242.0,258.0,0,0,0,1,0
380.0,376,465.61,99.24,1.018,2024,5,3,4,0,94.0,421.0,252.14285714285714,0,0,0,1,0
129.0,394,1062.47,98.73,1.018,2024,5,5,6,1,380.0,315.0,225.57142857142858,0,0,0,1,0
296.0,627,941.8,98.83,1.054,2024,5,6,0,0,129.0,390.0,212.14285714285714,0,0,0,1,0
123.0,431,422.14,99.26,1.047,2024,5,7,1,0,296.0,119.0,212.71428571428572,0,0,0,1,0
305.0,607,674.52,99.44,1.093,2024,5,8,2,0,123.0,167.0,232.42857142857142,0,0,0,1,0
115.0,522,825.28,98.85,0.983,2024,5,9,3,0,305.0,300.0,206.0,0,0,0,1,0
240.0,318,1064.64,99.45,1.023,2024,6,2,6,1,115.0,94.0,226.85714285714286,0,0,0,1,0
414.0,394,720.95,99.95,0.998,2024,6,3,0,0,240.0,380.0,231.71428571428572,0,0,0,1,0
191.0,620,1235.83,99.43,1.028,2024,6,4,1,0,414.0,129.0,240.57142857142858,0,0,0,1,0
439.0,415,1373.45,99.73,1.022,2024,6,5,2,0,191.0,296.0,261.0,1,0,0,1,0
295.0,378,1183.14,99.72,1.059,2024,6,7,4,0,439.0,123.0,285.57142857142856,0,0,0,1,0
381.0,422,1616.46,99.09,1.079,2024,6,9,6,1,295.0,305.0,296.42857142857144,0,0,0,1,0
339.0,607,1281.35,99.39,1.093,2024,7,1,0,0,381.0,115.0,328.42857142857144,0,0,0,1,0
258.0,631,936.58,98.9,1.031,2024,7,3,2,0,339.0,240.0,331.0,0,0,0,1,0
379.0,313,1326.5,99.37,1.073,2024,7,5,4,0,258.0,414.0,326.0,0,0,0,1,0
211.0,498,1277.83,98.75,1.002,2024,7,11,3,0,379.0,191.0,328.85714285714283,0,0,0,1,0
191.0,458,559.69,98.76,1.01,2024,7,12,4,0,211.0,439.0,293.42857142857144,0,0,0,1,0
330.0,421,1074.37,98.9,1.091,2024,8,2,4,0,191.0,295.0,298.42857142857144,0,0,0,1,0
365.0,387,1288.73,99.21,1.042,2024,8,3,5,1,330.0,381.0,296.14285714285717,0,0,0,1,0
205.0,554,314.02,98.74,1.082,2024,8,5,0,0,365.0,339.0,277.0,0,0,0,1,0
173.0,356,1357.19,99.87,1.032,2024,8,6,1,0,205.0,258.0,264.85714285714283,0,0,0,1,0
363.0,506,1079.14,99.71,1.081,2024,8,9,4,0,173.0,379.0,262.57142857142856,0,0,0,1,0
414.0,394,1517.79,99.77,1.076,2024,8,10,5,1,363.0,211.0,291.57142857142856,0,0,0,1,0
356.5,353,562.18,99.97,1.047,2024,9,1,6,1,414.0,191.0,315.2142857142857,0,0,0,1,0
260.0,356,1622.78,99.33,1.045,2024,9,3,1,0,356.5,330.0,305.2142857142857,0,0,0,1,0
368.5,327,1455.96,99.5,1.052,2024,9,4,2,0,260.0,365.0,305.7142857142857,0,0,0,1,0
351.0,308,1163.28,99.89,0.998,2024,9,5,3,0,368.5,205.0,326.57142857142856,0,0,0,1,0
121.0,527,1291.5,99.21,1.069,2024,9,7,5,1,351.0,173.0,319.14285714285717,0,0,0,1,0
300.0,613,426.96,98.76,0.993,2024,9,8,6,1,121.0,363.0,310.14285714285717,0,0,0,1,0
156.0,517,1208.29,99.33,0.993,2024,9,9,0,0,300.0,414.0,273.2857142857143,0,0,0,1,0
224.0,426,838.75,99.63,1.053,2024,9,10,1,0,156.0,356.5,254.35714285714286,0,0,0,1,0
164.0,388,826.08,99.05,1.049,2024,9,12,3,0,224.0,260.0,240.64285714285714,0,0,0,1,0
157.0,559,1564.56,99.21,1.043,2024,10,2,2,0,164.0,368.5,210.42857142857142,0,0,0,1,0
210.0,628,458.87,98.72,1.077,2024,10,3,3,0,157.0,351.0,190.28571428571428,0,0,0,1,0
339.0,527,1131.9,99.79,1.038,2024,10,4,4,0,210.0,121.0,221.42857142857142,0,0,0,1,0
370.0,309,681.33,99.81,1.087,2024,10,6,6,1,339.0,300.0,231.42857142857142,0,0,0,1,0
430.0,368,1259.33,99.56,1.03,2024,10,8,1,0,370.0,156.0,270.57142857142856,1,0,0,1,0
349.0,614,982.36,99.16,1.015,2024,10,10,3,0,430.0,224.0,288.42857142857144,0,0,0,1,0
369.0,386,906.78,99.41,1.093,2024,10,11,4,0,349.0,164.0,317.7142857142857,0,0,0,1,0
140.0,377,600.33,98.85,1.081,2024,10,12,5,1,369.0,157.0,315.2857142857143,0,0,0,1,0
361.0,480,1371.23,99.81,0.999,2024,11,3,6,1,140.0,210.0,336.85714285714283,0,0,0,1,0
328.0,560,922.1,99.9,1.074,2024,11,5,1,0,361.0,339.0,335.2857142857143,0,0,0,1,0
162.0,594,1146.13,99.39,0.997,2024,11,7,3,0,328.0,370.0,305.57142857142856,0,0,0,1,0
186.0,461,1354.96,99.85,1.056,2024,11,8,4,0,162.0,430.0,270.7142857142857,0,0,0,1,0
322.0,355,1252.54,99.27,1.039,2024,11,9,5,1,186.0,349.0,266.85714285714283,0,0,0,1,0
295.0,328,785.49,99.32,1.052,2024,11,10,6,1,322.0,369.0,256.2857142857143,0,0,0,1,0
179.0,488,1667.73,99.7,1.034,2024,12,1,6,1,295.0,140.0,261.85714285714283,0,0,0,1,0
150.0,503,333.23,99.35,1.013,2024,12,5,3,0,179.0,361.0,231.71428571428572,0,0,0,1,0
170.0,337,1019.66,99.66,1.005,2024,12,6,4,0,150.0,328.0,209.14285714285714,0,0,0,1,0
125.0,437,1440.84,99.33,1.021,2024,12,8,6,1,170.0,162.0,203.85714285714286,0,0,0,1,0
251.0,485,523.29,99.72,1.052,2024,12,10,1,0,125.0,186.0,213.14285714285714,0,0,0,1,0
131.0,357,431.17,99.19,1.03,2023,2,9,3,0,86.0,273.0,171.14285714285714,0,0,0,1,1
81.0,353,1120.07,98.94,1.096,2023,3,1,2,0,131.0,95.0,169.14285714285714,0,0,0,1,1
403.0,377,403.88,99.94,1.037,2023,3,4,5,1,81.0,122.0,209.28571428571428,0,0,0,1,1
404.0,643,1058.18,99.94,1.026,2023,3,5,6,1,403.0,254.0,230.71428571428572,0,0,0,1,1
339.0,374,1695.96,99.57,1.017,2023,3,8,2,0,404.0,275.0,239.85714285714286,0,0,0,1,1
203.0,378,1242.85,99.52,1.034,2023,3,9,3,0,339.0,235.0,235.28571428571428,0,0,0,1,1
368.0,530,1131.28,99.46,1.092,2023,3,11,5,1,203.0,86.0,275.57142857142856,0,0,0,1,1
141.0,456,1765.66,98.83,1.046,2023,4,6,3,0,368.0,131.0,277.0,0,0,0,1,1
394.0,410,1662.65,99.3,1.036,2023,4,7,4,0,141.0,81.0,321.7142857142857,0,0,0,1,1
95.0,311,747.74,99.57,1.019,2023,4,11,1,0,394.0,403.0,277.7142857142857,0,0,0,1,1
357.0,381,1489.04,99.06,1.058,2023,4,12,2,0,95.0,404.0,271.0,0,0,0,1,1
372.0,398,1186.95,99.05,1.047,2023,5,1,0,0,357.0,339.0,275.7142857142857,0,0,0,1,1
192.0,439,472.26,99.49,1.015,2023,5,2,1,0,372.0,203.0,274.14285714285717,0,0,0,1,1
317.0,434,570.89,98.77,1.018,2023,5,4,3,0,192.0,368.0,266.85714285714283,0,0,0,1,1
222.0,500,1002.5,99.7,0.995,2023,5,7,6,1,317.0,141.0,278.42857142857144,0,0,0,1,1
83.0,431,613.25,98.78,1.046,2023,5,8,0,0,222.0,394.0,234.0,0,0,0,1,1
282.0,373,1387.93,99.16,0.99,2023,5,9,1,0,83.0,95.0,260.7142857142857,0,0,0,1,1
148.0,383,1577.69,98.77,0.993,2023,5,10,2,0,282.0,357.0,230.85714285714286,0,0,0,1,1
364.0,437,1485.2,98.98,1.061,2023,5,12,4,0,148.0,372.0,229.71428571428572,0,0,0,1,1
173.0,394,1694.29,99.77,1.096,2023,6,2,4,0,364.0,192.0,227.0,0,0,0,1,1
98.0,322,1333.33,99.83,1.056,2023,6,4,6,1,173.0,317.0,195.71428571428572,0,0,0,1,1
252.0,346,1604.95,98.87,1.075,2023,6,5,0,0,98.0,222.0,200.0,0,0,0,1,1
218.0,402,488.23,99.7,1.008,2023,6,7,2,0,252.0,83.0,219.28571428571428,0,0,0,1,1
444.0,573,1393.3,99.09,1.052,2023,6,9,4,0,218.0,282.0,242.42857142857142,1,0,0,1,1
110.0,374,973.9,99.08,1.092,2023,6,10,5,1,444.0,148.0,237.0,0,0,0,1,1
247.0,344,447.82,99.0,1.065,2023,6,12,0,0,110.0,364.0,220.28571428571428,0,0,0,1,1
211.0,388,1615.8,99.21,1.078,2023,7,2,6,1,247.0,173.0,225.71428571428572,0,0,0,1,1
191.0,312,1108.04,99.38,1.082,2023,7,4,1,0,211.0,98.0,239.0,0,0,0,1,1
245.0,444,1047.06,99.66,1.019,2023,7,6,3,0,191.0,252.0,238.0,0,0,0,1,1
352.0,305,1317.75,99.11,1.082,2023,7,7,4,0,245.0,218.0,257.14285714285717,0,0,0,1,1
171.0,637,1544.08,98.95,1.09,2023,7,9,6,1,352.0,444.0,218.14285714285714,0,0,0,1,1
358.0,358,1253.0,99.3,1.023,2023,7,11,1,0,171.0,110.0,253.57142857142858,0,0,0,1,1
190.0,550,1026.6,99.55,1.046,2023,8,3,3,0,358.0,247.0,245.42857142857142,0,0,0,1,1
306.0,453,887.29,99.23,1.063,2023,8,4,4,0,190.0,211.0,259.0,0,0,0,1,1
126.0,362,833.96,98.72,0.989,2023,8,6,6,1,306.0,191.0,249.71428571428572,0,0,0,1,1
289.0,603,1551.86,99.91,1.002,2023,8,7,0,0,126.0,245.0,256.0,0,0,0,1,1
223.0,499,1423.44,99.16,1.056,2023,8,9,2,0,289.0,352.0,237.57142857142858,0,0,0,1,1
165.0,448,532.18,99.09,1.01,2023,8,11,4,0,223.0,171.0,236.71428571428572,0,0,0,1,1
263.0,314,1495.94,98.89,1.008,2023,9,2,5,1,165.0,358.0,223.14285714285714,0,0,0,1,1
161.0,458,334.4,99.12,1.056,2023,9,4,0,0,263.0,190.0,219.0,0,0,0,1,1
192.0,626,303.48,98.76,1.021,2023,9,5,1,0,161.0,306.0,202.71428571428572,0,0,0,1,1
437.0,620,680.04,99.97,1.015,2023,9,6,2,0,192.0,126.0,247.14285714285714,1,0,0,1,1
294.0,496,1445.54,99.38,1.007,2023,9,8,4,0,437.0,289.0,247.85714285714286,0,0,0,1,1
204.0,478,955.14,99.3,1.075,2023,9,10,6,1,294.0,223.0,245.14285714285714,0,0,0,1,1
179.0,311,596.54,99.11,1.051,2023,9,11,0,0,204.0,165.0,247.14285714285714,0,0,0,1,1
230.0,597,686.91,99.55,1.078,2023,10,1,6,1,179.0,263.0,242.42857142857142,0,0,0,1,1
220.0,403,1058.83,99.49,0.982,2023,10,2,0,0,230.0,161.0,250.85714285714286,0,0,0,1,1
129.0,476,1070.99,99.46,0.984,2023,10,3,1,0,220.0,192.0,241.85714285714286,0,0,0,1,1
186.0,336,1475.98,99.24,1.04,2023,10,6,4,0,129.0,437.0,206.0,0,0,0,1,1
195.0,513,560.01,99.33,0.994,2023,10,7,5,1,186.0,294.0,191.85714285714286,0,0,0,1,1
317.0,433,1045.88,98.93,0.993,2023,10,9,0,0,195.0,204.0,208.0,0,0,0,1,1
400.0,573,1563.29,98.97,0.989,2023,10,11,2,0,317.0,179.0,239.57142857142858,0,0,0,1,1
112.0,530,1538.83,99.09,1.028,2023,10,12,3,0,400.0,230.0,222.71428571428572,0,0,0,1,1
183.0,639,1171.03,99.18,1.093,2023,11,1,2,0,112.0,220.0,217.42857142857142,0,0,0,1,1
189.0,481,1556.24,99.13,1.017,2023,11,2,3,0,183.0,129.0,226.0,0,0,0,1,1
93.0,633,325.5,99.23,0.988,2023,11,3,4,0,189.0,186.0,212.71428571428572,0,0,0,1,1
358.0,470,1336.09,99.64,0.986,2023,11,8,2,0,93.0,195.0,236.0,0,0,0,1,1
105.0,371,814.58,99.56,0.992,2023,11,10,4,0,358.0,317.0,205.71428571428572,0,0,0,1,1
87.0,504,774.7,99.7,0.986,2023,11,12,6,1,105.0,400.0,161.0,0,0,0,1,1
380.0,602,652.01,99.84,1.033,2023,12,3,6,1,87.0,112.0,199.28571428571428,0,0,0,1,1
231.0,335,320.1,99.06,0.985,2023,12,4,0,0,380.0,183.0,206.14285714285714,0,0,0,1,1
132.0,634,1128.75,99.37,0.997,2023,12,5,1,0,231.0,189.0,198.0,0,0,0,1,1
284.0,519,1775.35,99.03,1.096,2023,12,7,3,0,132.0,93.0,225.28571428571428,0,0,0,1,1
85.0,579,773.05,99.21,1.008,2023,12,8,4,0,284.0,358.0,186.28571428571428,0,0,0,1,1
420.0,547,373.15,99.79,1.033,2023,12,10,6,1,85.0,105.0,231.28571428571428,0,0,0,1,1
329.0,382,1266.32,99.54,1.084,2023,12,11,0,0,420.0,87.0,265.85714285714283,0,0,0,1,1
283.0,300,907.5,99.9,0.991,2023,12,12,1,0,329.0,380.0,252.0,0,0,0,1,1
248.0,371,1482.83,98.92,0.983,2024,1,6,5,1,283.0,231.0,254.42857142857142,0,0,0,1,1
400.0,421,912.73,99.15,1.072,2024,1,7,6,1,248.0,132.0,292.7142857142857,0,0,0,1,1
403.0,529,409.14,98.83,1.03,2024,1,8,0,0,400.0,284.0,309.7142857142857,0,0,0,1,1
186.0,472,561.82,98.79,1.028,2024,1,9,1,0,403.0,85.0,324.14285714285717,0,0,0,1,1
221.0,577,1635.63,99.05,0.984,2024,1,10,2,0,186.0,420.0,295.7142857142857,0,0,0,1,1
334.0,567,1497.27,98.86,1.028,2024,1,12,4,0,221.0,329.0,296.42857142857144,0,0,0,1,1
375.0,534,502.86,99.44,1.029,2024,2,2,4,0,334.0,283.0,309.57142857142856,0,0,0,1,1
356.0,393,407.25,99.2,1.069,2024,2,5,0,0,375.0,248.0,325.0,0,0,0,1,1
364.0,301,1360.19,99.72,1.003,2024,2,6,1,0,356.0,400.0,319.85714285714283,0,0,0,1,1
442.0,395,396.29,99.39,1.066,2024,2,10,5,1,364.0,403.0,325.42857142857144,1,0,0,1,1
88.0,469,949.51,99.53,1.013,2024,2,11,6,1,442.0,186.0,311.42857142857144,0,0,0,1,1
319.0,320,966.72,99.03,1.003,2024,3,1,4,0,88.0,221.0,325.42857142857144,0,0,0,1,1
82.0,493,1606.9,98.72,1.032,2024,3,2,5,1,319.0,334.0,289.42857142857144,0,0,0,1,1
362.0,544,379.57,99.4,1.011,2024,3,3,6,1,82.0,375.0,287.57142857142856,0,0,0,1,1
133.0,467,1163.32,99.93,1.083,2024,3,4,0,0,362.0,356.0,255.71428571428572,0,0,0,1,1
95.0,564,1162.43,99.85,1.058,2024,3,7,3,0,133.0,364.0,217.28571428571428,0,0,0,1,1
402.0,378,1592.66,98.92,1.055,2024,3,8,4,0,95.0,442.0,211.57142857142858,0,0,0,1,1
240.0,607,735.98,99.0,1.068,2024,3,10,6,1,402.0,88.0,233.28571428571428,0,0,0,1,1
294.0,472,1652.23,99.05,1.076,2024,4,3,2,0,240.0,319.0,229.71428571428572,0,0,0,1,1
401.0,305,1140.36,99.03,1.012,2024,4,5,4,0,294.0,82.0,275.2857142857143,0,0,0,1,1
282.0,560,1363.09,98.87,1.078,2024,4,7,6,1,401.0,362.0,263.85714285714283,0,0,0,1,1
436.0,553,1289.72,99.63,0.998,2024,4,10,2,0,282.0,133.0,307.14285714285717,1,0,0,1,1
81.0,628,493.55,99.26,1.013,2024,5,1,2,0,436.0,95.0,305.14285714285717,0,0,0,1,1
231.0,410,479.74,99.28,1.089,2024,5,4,5,1,81.0,402.0,280.7142857142857,0,0,0,1,1
331.0,548,1343.46,98.85,1.01,2024,5,10,4,0,231.0,240.0,293.7142857142857,0,0,0,1,1
338.0,517,393.64,99.54,1.089,2024,5,11,5,1,331.0,294.0,300.0,0,0,0,1,1
322.0,343,1060.91,99.56,1.074,2024,5,12,6,1,338.0,401.0,288.7142857142857,0,0,0,1,1
144.0,387,1723.37,99.02,1.044,2024,6,1,5,1,322.0,282.0,269.0,0,0,0,1,1
329.0,621,1370.19,98.7,0.986,2024,6,6,3,0,144.0,436.0,253.71428571428572,0,0,0,1,1
382.0,513,1560.8,99.84,0.999,2024,6,8,5,1,329.0,81.0,296.7142857142857,0,0,0,1,1
382.0,441,1260.62,99.26,0.991,2024,6,10,0,0,382.0,231.0,318.2857142857143,0,0,0,1,1
292.0,411,472.98,98.99,0.992,2024,6,11,1,0,382.0,331.0,312.7142857142857,0,0,0,1,1
126.0,520,1520.44,99.5,1.081,2024,6,12,2,0,292.0,338.0,282.42857142857144,0,0,0,1,1
210.0,554,1670.65,99.84,1.1,2024,7,2,1,0,126.0,322.0,266.42857142857144,0,0,0,1,1
387.0,437,1464.91,99.41,1.059,2024,7,4,3,0,210.0,144.0,301.14285714285717,0,0,0,1,1
298.0,635,342.95,98.96,1.009,2024,7,6,5,1,387.0,329.0,296.7142857142857,0,0,0,1,1
350.0,315,1756.47,99.58,0.981,2024,7,7,6,1,298.0,382.0,292.14285714285717,0,0,0,1,1
272.0,509,1434.72,98.84,1.081,2024,7,8,0,0,350.0,382.0,276.42857142857144,0,0,0,1,1
380.0,620,1223.26,98.83,1.05,2024,7,9,1,0,272.0,292.0,289.0,0,0,0,1,1
423.0,502,887.0,99.42,1.062,2024,7,10,2,0,380.0,126.0,331.42857142857144,0,0,0,1,1
160.0,472,1375.08,99.61,1.008,2024,8,1,3,0,423.0,210.0,324.2857142857143,0,0,0,1,1
121.0,575,1044.11,98.92,0.995,2024,8,4,6,1,160.0,387.0,286.2857142857143,0,0,0,1,1
185.0,335,330.42,99.5,1.059,2024,8,7,2,0,121.0,298.0,270.14285714285717,0,0,0,1,1
91.0,428,752.39,99.49,0.985,2024,8,8,3,0,185.0,350.0,233.14285714285714,0,0,0,1,1
417.0,457,970.59,99.9,1.083,2024,8,11,6,1,91.0,272.0,253.85714285714286,0,0,0,1,1
156.0,358,664.95,99.92,1.023,2024,8,12,0,0,417.0,380.0,221.85714285714286,0,0,0,1,1
346.0,301,1139.78,99.94,1.055,2024,9,2,0,0,156.0,423.0,210.85714285714286,0,0,0,1,1
310.0,590,1601.56,98.7,1.026,2024,9,6,4,0,346.0,160.0,232.28571428571428,0,0,0,1,1
255.0,520,1105.81,99.71,1.047,2024,9,11,2,0,310.0,121.0,251.42857142857142,0,0,0,1,1
416.0,394,525.82,99.31,1.041,2024,10,1,1,0,255.0,185.0,284.42857142857144,0,0,0,1,1
375.0,402,352.32,99.23,0.993,2024,10,5,5,1,416.0,91.0,325.0,0,0,0,1,1
413.0,625,1438.16,99.42,1.016,2024,10,7,0,0,375.0,417.0,324.42857142857144,0,0,0,1,1
83.0,627,1508.53,98.91,1.015,2024,10,9,2,0,413.0,156.0,314.0,0,0,0,1,1
399.0,531,965.78,98.94,1.058,2024,11,1,4,0,83.0,346.0,321.57142857142856,0,0,0,1,1
443.0,542,668.45,98.84,1.075,2024,11,2,5,1,399.0,310.0,340.57142857142856,1,0,0,1,1
404.0,309,1712.99,98.78,1.028,2024,11,4,0,0,443.0,255.0,361.85714285714283,0,0,0,1,1
303.0,524,1753.87,99.49,1.028,2024,11,6,2,0,404.0,416.0,345.7142857142857,0,0,0,1,1
361.0,537,1481.55,99.6,1.005,2024,11,11,0,0,303.0,375.0,343.7142857142857,0,0,0,1,1
286.0,619,409.76,98.82,1.058,2024,11,12,1,0,361.0,413.0,325.57142857142856,0,0,0,1,1
328.0,382,563.51,99.94,1.063,2024,12,2,0,0,286.0,83.0,360.57142857142856,0,0,0,1,1
332.0,359,570.0,99.35,1.082,2024,12,3,1,0,328.0,399.0,351.0,0,0,0,1,1
338.0,302,1436.19,98.99,0.987,2024,12,4,2,0,332.0,443.0,336.0,0,0,0,1,1
345.0,312,1729.52,99.61,0.985,2024,12,7,5,1,338.0,404.0,327.57142857142856,0,0,0,1,1
424.0,648,349.36,99.48,1.054,2024,12,9,0,0,345.0,303.0,344.85714285714283,0,0,0,1,1
311.0,388,1654.24,99.06,1.031,2024,12,11,2,0,424.0,361.0,337.7142857142857,0,0,0,1,1
365.0,461,1529.16,99.06,1.022,2024,12,12,3,0,311.0,286.0,349.0,0,0,0,1,1
